Index Name	Index Sequence	Library ID	Library_name	FASTQ	Description
GSLv5-8_i7_77	TTCTAGTT	SL336214	5453-CEM-0001R	HMCMJCCXY_s6_1_GSLv5-8_i7_77_SL336214.fastq.gz	
GSLv5-8_i7_77	TTCTAGTT	SL336214	5453-CEM-0001R	HMCMJCCXY_s6_2_GSLv5-8_i7_77_SL336214.fastq.gz	
GSLv5-8_i7_78	ACCTGCGA	SL336215	5453-CEM-0002R	HMCMJCCXY_s6_1_GSLv5-8_i7_78_SL336215.fastq.gz	
GSLv5-8_i7_78	ACCTGCGA	SL336215	5453-CEM-0002R	HMCMJCCXY_s6_2_GSLv5-8_i7_78_SL336215.fastq.gz	
GSLv5-8_i7_79	CCGCGCCA	SL336216	5453-CEM-0003R	HMCMJCCXY_s6_1_GSLv5-8_i7_79_SL336216.fastq.gz	
GSLv5-8_i7_79	CCGCGCCA	SL336216	5453-CEM-0003R	HMCMJCCXY_s6_2_GSLv5-8_i7_79_SL336216.fastq.gz	
GSLv5-8_i7_80	TCTTCCGT	SL336217	5453-CEM-0004R	HMCMJCCXY_s6_1_GSLv5-8_i7_80_SL336217.fastq.gz	
GSLv5-8_i7_80	TCTTCCGT	SL336217	5453-CEM-0004R	HMCMJCCXY_s6_2_GSLv5-8_i7_80_SL336217.fastq.gz	
GSLv5-8_i7_81	AACATGTT	SL336218	5453-CEM-0005R	HMCMJCCXY_s6_1_GSLv5-8_i7_81_SL336218.fastq.gz	
GSLv5-8_i7_81	AACATGTT	SL336218	5453-CEM-0005R	HMCMJCCXY_s6_2_GSLv5-8_i7_81_SL336218.fastq.gz	
GSLv5-8_i7_82	ATGAGTGA	SL336219	5453-CEM-0006R	HMCMJCCXY_s6_1_GSLv5-8_i7_82_SL336219.fastq.gz	
GSLv5-8_i7_82	ATGAGTGA	SL336219	5453-CEM-0006R	HMCMJCCXY_s6_2_GSLv5-8_i7_82_SL336219.fastq.gz	
GSLv5-8_i7_83	TAGCGGTA	SL336220	5453-CEM-0007R	HMCMJCCXY_s6_1_GSLv5-8_i7_83_SL336220.fastq.gz	
GSLv5-8_i7_83	TAGCGGTA	SL336220	5453-CEM-0007R	HMCMJCCXY_s6_2_GSLv5-8_i7_83_SL336220.fastq.gz	
GSLv5-8_i7_84	AACGACCT	SL336221	5453-CEM-0008R	HMCMJCCXY_s6_1_GSLv5-8_i7_84_SL336221.fastq.gz	
GSLv5-8_i7_84	AACGACCT	SL336221	5453-CEM-0008R	HMCMJCCXY_s6_2_GSLv5-8_i7_84_SL336221.fastq.gz	
GSLv5-8_i7_85	CTTCCAAC	SL336222	5453-CEM-0009R	HMCMJCCXY_s6_1_GSLv5-8_i7_85_SL336222.fastq.gz	
GSLv5-8_i7_85	CTTCCAAC	SL336222	5453-CEM-0009R	HMCMJCCXY_s6_2_GSLv5-8_i7_85_SL336222.fastq.gz	
GSLv5-8_i7_86	AGTTCCGC	SL336223	5453-CEM-0010R	HMCMJCCXY_s6_1_GSLv5-8_i7_86_SL336223.fastq.gz	
GSLv5-8_i7_86	AGTTCCGC	SL336223	5453-CEM-0010R	HMCMJCCXY_s6_2_GSLv5-8_i7_86_SL336223.fastq.gz	
GSLv5-8_i7_87	CCGGCAGT	SL336224	5453-CEM-0011R	HMCMJCCXY_s6_1_GSLv5-8_i7_87_SL336224.fastq.gz	
GSLv5-8_i7_87	CCGGCAGT	SL336224	5453-CEM-0011R	HMCMJCCXY_s6_2_GSLv5-8_i7_87_SL336224.fastq.gz	
GSLv5-8_i7_88	AATTGAAG	SL336225	5453-CEM-0012R	HMCMJCCXY_s6_1_GSLv5-8_i7_88_SL336225.fastq.gz	
GSLv5-8_i7_88	AATTGAAG	SL336225	5453-CEM-0012R	HMCMJCCXY_s6_2_GSLv5-8_i7_88_SL336225.fastq.gz	
GSLv5-8_i7_89	ACATTGCC	SL336226	5453-CEM-0013R	HMCMJCCXY_s6_1_GSLv5-8_i7_89_SL336226.fastq.gz	
GSLv5-8_i7_89	ACATTGCC	SL336226	5453-CEM-0013R	HMCMJCCXY_s6_2_GSLv5-8_i7_89_SL336226.fastq.gz	
GSLv5-8_i7_90	CCTTCTGG	SL336227	5453-CEM-0014R	HMCMJCCXY_s6_1_GSLv5-8_i7_90_SL336227.fastq.gz	
GSLv5-8_i7_90	CCTTCTGG	SL336227	5453-CEM-0014R	HMCMJCCXY_s6_2_GSLv5-8_i7_90_SL336227.fastq.gz	
GSLv5-8_i7_91	CGGATGGA	SL336228	5453-CEM-0015R	HMCMJCCXY_s6_1_GSLv5-8_i7_91_SL336228.fastq.gz	
GSLv5-8_i7_91	CGGATGGA	SL336228	5453-CEM-0015R	HMCMJCCXY_s6_2_GSLv5-8_i7_91_SL336228.fastq.gz	
GSLv5-8_i7_92	AATCTACT	SL336229	5453-CEM-0016R	HMCMJCCXY_s6_1_GSLv5-8_i7_92_SL336229.fastq.gz	
GSLv5-8_i7_92	AATCTACT	SL336229	5453-CEM-0016R	HMCMJCCXY_s6_2_GSLv5-8_i7_92_SL336229.fastq.gz	
GSLv5-8_i7_93	ATCTCTTA	SL336230	5453-CEM-0033R	HMCMJCCXY_s6_1_GSLv5-8_i7_93_SL336230.fastq.gz	
GSLv5-8_i7_93	ATCTCTTA	SL336230	5453-CEM-0033R	HMCMJCCXY_s6_2_GSLv5-8_i7_93_SL336230.fastq.gz	
GSLv5-8_i7_94	TGGCGTAT	SL336231	5453-CEM-0034R	HMCMJCCXY_s6_1_GSLv5-8_i7_94_SL336231.fastq.gz	
GSLv5-8_i7_94	TGGCGTAT	SL336231	5453-CEM-0034R	HMCMJCCXY_s6_2_GSLv5-8_i7_94_SL336231.fastq.gz	
GSLv5-8_i7_95	CTCGAAGG	SL336232	5453-CEM-0037R	HMCMJCCXY_s6_1_GSLv5-8_i7_95_SL336232.fastq.gz	
GSLv5-8_i7_95	CTCGAAGG	SL336232	5453-CEM-0037R	HMCMJCCXY_s6_2_GSLv5-8_i7_95_SL336232.fastq.gz	
GSLv5-8_i7_96	TTCAACCT	SL336233	5453-CEM-0038R	HMCMJCCXY_s6_1_GSLv5-8_i7_96_SL336233.fastq.gz	
GSLv5-8_i7_96	TTCAACCT	SL336233	5453-CEM-0038R	HMCMJCCXY_s6_2_GSLv5-8_i7_96_SL336233.fastq.gz	
GSLv5-8_i7_61	ATTGTTAA	SL336234	5453-CEM-3591R	HMCMJCCXY_s6_1_GSLv5-8_i7_61_SL336234.fastq.gz	
GSLv5-8_i7_61	ATTGTTAA	SL336234	5453-CEM-3591R	HMCMJCCXY_s6_2_GSLv5-8_i7_61_SL336234.fastq.gz	
GSLv5-8_i7_62	AGATTCCT	SL336235	5453-CEM-3595R	HMCMJCCXY_s6_1_GSLv5-8_i7_62_SL336235.fastq.gz	
GSLv5-8_i7_62	AGATTCCT	SL336235	5453-CEM-3595R	HMCMJCCXY_s6_2_GSLv5-8_i7_62_SL336235.fastq.gz	
GSLv5-8_i7_63	TGTTATAT	SL336236	5453-CEM-3596R	HMCMJCCXY_s6_1_GSLv5-8_i7_63_SL336236.fastq.gz	
GSLv5-8_i7_63	TGTTATAT	SL336236	5453-CEM-3596R	HMCMJCCXY_s6_2_GSLv5-8_i7_63_SL336236.fastq.gz	
GSLv5-8_i7_64	CATCCGTG	SL336237	5453-CEM-3603R	HMCMJCCXY_s6_1_GSLv5-8_i7_64_SL336237.fastq.gz	
GSLv5-8_i7_64	CATCCGTG	SL336237	5453-CEM-3603R	HMCMJCCXY_s6_2_GSLv5-8_i7_64_SL336237.fastq.gz	
GSLv5-8_i7_65	TGGAAGCA	SL336238	5453-CEM-3604R	HMCMJCCXY_s6_1_GSLv5-8_i7_65_SL336238.fastq.gz	
GSLv5-8_i7_65	TGGAAGCA	SL336238	5453-CEM-3604R	HMCMJCCXY_s6_2_GSLv5-8_i7_65_SL336238.fastq.gz	
GSLv5-8_i7_66	TGGTCCTT	SL336239	5453-CEM-3606R	HMCMJCCXY_s6_1_GSLv5-8_i7_66_SL336239.fastq.gz	
GSLv5-8_i7_66	TGGTCCTT	SL336239	5453-CEM-3606R	HMCMJCCXY_s6_2_GSLv5-8_i7_66_SL336239.fastq.gz	
GSLv5-8_i7_67	CTGCTGCG	SL336240	5453-CEM-3610R	HMCMJCCXY_s6_1_GSLv5-8_i7_67_SL336240.fastq.gz	
GSLv5-8_i7_67	CTGCTGCG	SL336240	5453-CEM-3610R	HMCMJCCXY_s6_2_GSLv5-8_i7_67_SL336240.fastq.gz	
GSLv5-8_i7_68	TATTAATT	SL336241	5453-CEM-3611R	HMCMJCCXY_s6_1_GSLv5-8_i7_68_SL336241.fastq.gz	
GSLv5-8_i7_68	TATTAATT	SL336241	5453-CEM-3611R	HMCMJCCXY_s6_2_GSLv5-8_i7_68_SL336241.fastq.gz	
GSLv5-8_i7_69	AAGCCGCC	SL336242	5453-CEM-3612R	HMCMJCCXY_s6_1_GSLv5-8_i7_69_SL336242.fastq.gz	
GSLv5-8_i7_69	AAGCCGCC	SL336242	5453-CEM-3612R	HMCMJCCXY_s6_2_GSLv5-8_i7_69_SL336242.fastq.gz	
GSLv5-8_i7_70	ATGACACG	SL336243	5453-CEM-3615R	HMCMJCCXY_s6_1_GSLv5-8_i7_70_SL336243.fastq.gz	
GSLv5-8_i7_70	ATGACACG	SL336243	5453-CEM-3615R	HMCMJCCXY_s6_2_GSLv5-8_i7_70_SL336243.fastq.gz	
GSLv5-8_i7_71	ATGCTATC	SL336244	5453-CEM-3616R	HMCMJCCXY_s6_1_GSLv5-8_i7_71_SL336244.fastq.gz	
GSLv5-8_i7_71	ATGCTATC	SL336244	5453-CEM-3616R	HMCMJCCXY_s6_2_GSLv5-8_i7_71_SL336244.fastq.gz	
GSLv5-8_i7_72	CTACGGAC	SL336245	5453-CEM-3617R	HMCMJCCXY_s6_1_GSLv5-8_i7_72_SL336245.fastq.gz	
GSLv5-8_i7_72	CTACGGAC	SL336245	5453-CEM-3617R	HMCMJCCXY_s6_2_GSLv5-8_i7_72_SL336245.fastq.gz	
GSLv5-8_i7_73	ACACATTC	SL336246	5453-CEM-3619R	HMCMJCCXY_s6_1_GSLv5-8_i7_73_SL336246.fastq.gz	
GSLv5-8_i7_73	ACACATTC	SL336246	5453-CEM-3619R	HMCMJCCXY_s6_2_GSLv5-8_i7_73_SL336246.fastq.gz	
GSLv5-8_i7_74	CGACTGGC	SL336247	5453-CEM-3620R	HMCMJCCXY_s6_1_GSLv5-8_i7_74_SL336247.fastq.gz	
GSLv5-8_i7_74	CGACTGGC	SL336247	5453-CEM-3620R	HMCMJCCXY_s6_2_GSLv5-8_i7_74_SL336247.fastq.gz	
GSLv5-8_i7_75	CGAATTCC	SL336248	5453-CEM-3626R	HMCMJCCXY_s6_1_GSLv5-8_i7_75_SL336248.fastq.gz	
GSLv5-8_i7_75	CGAATTCC	SL336248	5453-CEM-3626R	HMCMJCCXY_s6_2_GSLv5-8_i7_75_SL336248.fastq.gz	
GSLv5-8_i7_76	AGAGAAGC	SL336249	5453-CEM-3628R	HMCMJCCXY_s6_1_GSLv5-8_i7_76_SL336249.fastq.gz	
GSLv5-8_i7_76	AGAGAAGC	SL336249	5453-CEM-3628R	HMCMJCCXY_s6_2_GSLv5-8_i7_76_SL336249.fastq.gz	
PS46767 contains:
Index Name	Index Sequence	Library ID	Library_name	FASTQ	Description
GSLv5-8_i7_01	AAGACCTC	SL336346	5453-CEM-0323	HMCMJCCXY_s8_1_GSLv5-8_i7_01_SL336346.fastq.gz	232022744
GSLv5-8_i7_01	AAGACCTC	SL336346	5453-CEM-0323	HMCMJCCXY_s8_2_GSLv5-8_i7_01_SL336346.fastq.gz	232022744
GSLv5-8_i7_02	TCTGTCTT	SL336347	5453-CEM-0324	HMCMJCCXY_s8_1_GSLv5-8_i7_02_SL336347.fastq.gz	232022739
GSLv5-8_i7_02	TCTGTCTT	SL336347	5453-CEM-0324	HMCMJCCXY_s8_2_GSLv5-8_i7_02_SL336347.fastq.gz	232022739
GSLv5-8_i7_03	AATGGCGT	SL336348	5453-CEM-0334	HMCMJCCXY_s8_1_GSLv5-8_i7_03_SL336348.fastq.gz	232021318
GSLv5-8_i7_03	AATGGCGT	SL336348	5453-CEM-0334	HMCMJCCXY_s8_2_GSLv5-8_i7_03_SL336348.fastq.gz	232021318
GSLv5-8_i7_04	TCTCCATA	SL336349	5453-CEM-0346	HMCMJCCXY_s8_1_GSLv5-8_i7_04_SL336349.fastq.gz	232022737
GSLv5-8_i7_04	TCTCCATA	SL336349	5453-CEM-0346	HMCMJCCXY_s8_2_GSLv5-8_i7_04_SL336349.fastq.gz	232022737
GSLv5-8_i7_05	ATACAAGA	SL336350	5453-CEM-0347	HMCMJCCXY_s8_1_GSLv5-8_i7_05_SL336350.fastq.gz	232022756
GSLv5-8_i7_05	ATACAAGA	SL336350	5453-CEM-0347	HMCMJCCXY_s8_2_GSLv5-8_i7_05_SL336350.fastq.gz	232022756
GSLv5-8_i7_06	AGTGGTCA	SL336351	5453-CEM-0355	HMCMJCCXY_s8_1_GSLv5-8_i7_06_SL336351.fastq.gz	232022625
GSLv5-8_i7_06	AGTGGTCA	SL336351	5453-CEM-0355	HMCMJCCXY_s8_2_GSLv5-8_i7_06_SL336351.fastq.gz	232022625
GSLv5-8_i7_07	AGAGTGAA	SL336352	5453-CEM-0372	HMCMJCCXY_s8_1_GSLv5-8_i7_07_SL336352.fastq.gz	232022700
GSLv5-8_i7_07	AGAGTGAA	SL336352	5453-CEM-0372	HMCMJCCXY_s8_2_GSLv5-8_i7_07_SL336352.fastq.gz	232022700
GSLv5-8_i7_08	TCCGGAAC	SL336353	5453-CEM-0374	HMCMJCCXY_s8_1_GSLv5-8_i7_08_SL336353.fastq.gz	232021663
GSLv5-8_i7_08	TCCGGAAC	SL336353	5453-CEM-0374	HMCMJCCXY_s8_2_GSLv5-8_i7_08_SL336353.fastq.gz	232021663
GSLv5-8_i7_09	TTGTGAGG	SL336354	5453-CEM-0396	HMCMJCCXY_s8_1_GSLv5-8_i7_09_SL336354.fastq.gz	232021287
GSLv5-8_i7_09	TTGTGAGG	SL336354	5453-CEM-0396	HMCMJCCXY_s8_2_GSLv5-8_i7_09_SL336354.fastq.gz	232021287
GSLv5-8_i7_10	CGGTCAGC	SL336355	5453-CEM-0398	HMCMJCCXY_s8_1_GSLv5-8_i7_10_SL336355.fastq.gz	232021849
GSLv5-8_i7_10	CGGTCAGC	SL336355	5453-CEM-0398	HMCMJCCXY_s8_2_GSLv5-8_i7_10_SL336355.fastq.gz	232021849
GSLv5-8_i7_11	TGGTCGGA	SL336356	5453-CEM-0404	HMCMJCCXY_s8_1_GSLv5-8_i7_11_SL336356.fastq.gz	232021922
GSLv5-8_i7_11	TGGTCGGA	SL336356	5453-CEM-0404	HMCMJCCXY_s8_2_GSLv5-8_i7_11_SL336356.fastq.gz	232021922
GSLv5-8_i7_12	ATGTTGGC	SL336357	5453-CEM-0408	HMCMJCCXY_s8_1_GSLv5-8_i7_12_SL336357.fastq.gz	232022746
GSLv5-8_i7_12	ATGTTGGC	SL336357	5453-CEM-0408	HMCMJCCXY_s8_2_GSLv5-8_i7_12_SL336357.fastq.gz	232022746
GSLv5-8_i7_13	TGCCTCCT	SL336358	5453-CEM-0521	HMCMJCCXY_s8_1_GSLv5-8_i7_13_SL336358.fastq.gz	235034543
GSLv5-8_i7_13	TGCCTCCT	SL336358	5453-CEM-0521	HMCMJCCXY_s8_2_GSLv5-8_i7_13_SL336358.fastq.gz	235034543
GSLv5-8_i7_14	CTGAATGG	SL336359	5453-CEM-0533	HMCMJCCXY_s8_1_GSLv5-8_i7_14_SL336359.fastq.gz	235033508
GSLv5-8_i7_14	CTGAATGG	SL336359	5453-CEM-0533	HMCMJCCXY_s8_2_GSLv5-8_i7_14_SL336359.fastq.gz	235033508
GSLv5-8_i7_15	TATGCGAG	SL336360	5453-CEM-0545	HMCMJCCXY_s8_1_GSLv5-8_i7_15_SL336360.fastq.gz	235043084
GSLv5-8_i7_15	TATGCGAG	SL336360	5453-CEM-0545	HMCMJCCXY_s8_2_GSLv5-8_i7_15_SL336360.fastq.gz	235043084
GSLv5-8_i7_16	TACTCCAG	SL336361	5453-CEM-0557	HMCMJCCXY_s8_1_GSLv5-8_i7_16_SL336361.fastq.gz	235033576
GSLv5-8_i7_16	TACTCCAG	SL336361	5453-CEM-0557	HMCMJCCXY_s8_2_GSLv5-8_i7_16_SL336361.fastq.gz	235033576
GSLv5-8_i7_17	CGTGAACG	SL336362	5453-CEM-0569	HMCMJCCXY_s8_1_GSLv5-8_i7_17_SL336362.fastq.gz	235034536
GSLv5-8_i7_17	CGTGAACG	SL336362	5453-CEM-0569	HMCMJCCXY_s8_2_GSLv5-8_i7_17_SL336362.fastq.gz	235034536
GSLv5-8_i7_18	ACAGCTCC	SL336363	5453-CEM-0581	HMCMJCCXY_s8_1_GSLv5-8_i7_18_SL336363.fastq.gz	235033579
GSLv5-8_i7_18	ACAGCTCC	SL336363	5453-CEM-0581	HMCMJCCXY_s8_2_GSLv5-8_i7_18_SL336363.fastq.gz	235033579
GSLv5-8_i7_19	CTATCAGT	SL336364	5453-CEM-0593	HMCMJCCXY_s8_1_GSLv5-8_i7_19_SL336364.fastq.gz	235034518
GSLv5-8_i7_19	CTATCAGT	SL336364	5453-CEM-0593	HMCMJCCXY_s8_2_GSLv5-8_i7_19_SL336364.fastq.gz	235034518
GSLv5-8_i7_20	TCGCATTA	SL336365	5453-CEM-0605	HMCMJCCXY_s8_1_GSLv5-8_i7_20_SL336365.fastq.gz	235034519
GSLv5-8_i7_20	TCGCATTA	SL336365	5453-CEM-0605	HMCMJCCXY_s8_2_GSLv5-8_i7_20_SL336365.fastq.gz	235034519
GSLv5-8_i7_21	CAGACACC	SL336366	5453-CEM-0738	HMCMJCCXY_s8_1_GSLv5-8_i7_21_SL336366.fastq.gz	235162011
GSLv5-8_i7_21	CAGACACC	SL336366	5453-CEM-0738	HMCMJCCXY_s8_2_GSLv5-8_i7_21_SL336366.fastq.gz	235162011
GSLv5-8_i7_22	CCGGTGAG	SL336367	5453-CEM-0745	HMCMJCCXY_s8_1_GSLv5-8_i7_22_SL336367.fastq.gz	235161950
GSLv5-8_i7_22	CCGGTGAG	SL336367	5453-CEM-0745	HMCMJCCXY_s8_2_GSLv5-8_i7_22_SL336367.fastq.gz	235161950
GSLv5-8_i7_23	AGCGTCCG	SL336368	5453-CEM-0749	HMCMJCCXY_s8_1_GSLv5-8_i7_23_SL336368.fastq.gz	235162213
GSLv5-8_i7_23	AGCGTCCG	SL336368	5453-CEM-0749	HMCMJCCXY_s8_2_GSLv5-8_i7_23_SL336368.fastq.gz	235162213
GSLv5-8_i7_24	AAGCGGAT	SL336369	5453-CEM-0750	HMCMJCCXY_s8_1_GSLv5-8_i7_24_SL336369.fastq.gz	235162229
GSLv5-8_i7_24	AAGCGGAT	SL336369	5453-CEM-0750	HMCMJCCXY_s8_2_GSLv5-8_i7_24_SL336369.fastq.gz	235162229
GSLv5-8_i7_25	ACTGACGA	SL336370	5453-CEM-0822	HMCMJCCXY_s8_1_GSLv5-8_i7_25_SL336370.fastq.gz	235079227
GSLv5-8_i7_25	ACTGACGA	SL336370	5453-CEM-0822	HMCMJCCXY_s8_2_GSLv5-8_i7_25_SL336370.fastq.gz	235079227
GSLv5-8_i7_26	ATCCTCTA	SL336371	5453-CEM-0846	HMCMJCCXY_s8_1_GSLv5-8_i7_26_SL336371.fastq.gz	235079766
GSLv5-8_i7_26	ATCCTCTA	SL336371	5453-CEM-0846	HMCMJCCXY_s8_2_GSLv5-8_i7_26_SL336371.fastq.gz	235079766
GSLv5-8_i7_27	TAGTACGC	SL336372	5453-CEM-0993	HMCMJCCXY_s8_1_GSLv5-8_i7_27_SL336372.fastq.gz	235079234
GSLv5-8_i7_27	TAGTACGC	SL336372	5453-CEM-0993	HMCMJCCXY_s8_2_GSLv5-8_i7_27_SL336372.fastq.gz	235079234
GSLv5-8_i7_28	TGAATTAG	SL336373	5453-CEM-0997	HMCMJCCXY_s8_1_GSLv5-8_i7_28_SL336373.fastq.gz	235077977
GSLv5-8_i7_28	TGAATTAG	SL336373	5453-CEM-0997	HMCMJCCXY_s8_2_GSLv5-8_i7_28_SL336373.fastq.gz	235077977
GSLv5-8_i7_29	TCAAGGAC	SL336374	5453-CEM-0998	HMCMJCCXY_s8_1_GSLv5-8_i7_29_SL336374.fastq.gz	235079191
GSLv5-8_i7_29	TCAAGGAC	SL336374	5453-CEM-0998	HMCMJCCXY_s8_2_GSLv5-8_i7_29_SL336374.fastq.gz	235079191
GSLv5-8_i7_30	TGAACACC	SL336375	5453-CEM-1006	HMCMJCCXY_s8_1_GSLv5-8_i7_30_SL336375.fastq.gz	235072474
GSLv5-8_i7_30	TGAACACC	SL336375	5453-CEM-1006	HMCMJCCXY_s8_2_GSLv5-8_i7_30_SL336375.fastq.gz	235072474
GSLv5-8_i7_31	TTCCATCC	SL336376	5453-CEM-1007	HMCMJCCXY_s8_1_GSLv5-8_i7_31_SL336376.fastq.gz	235078850
GSLv5-8_i7_31	TTCCATCC	SL336376	5453-CEM-1007	HMCMJCCXY_s8_2_GSLv5-8_i7_31_SL336376.fastq.gz	235078850
GSLv5-8_i7_32	TTCAGTTC	SL336377	5453-CEM-1011	HMCMJCCXY_s8_1_GSLv5-8_i7_32_SL336377.fastq.gz	235079218
GSLv5-8_i7_32	TTCAGTTC	SL336377	5453-CEM-1011	HMCMJCCXY_s8_2_GSLv5-8_i7_32_SL336377.fastq.gz	235079218
GSLv5-8_i7_33	ACTCGGAA	SL336378	5453-CEM-1012	HMCMJCCXY_s8_1_GSLv5-8_i7_33_SL336378.fastq.gz	235079216
GSLv5-8_i7_33	ACTCGGAA	SL336378	5453-CEM-1012	HMCMJCCXY_s8_2_GSLv5-8_i7_33_SL336378.fastq.gz	235079216
GSLv5-8_i7_34	TATCTTAT	SL336379	5453-CEM-1013	HMCMJCCXY_s8_1_GSLv5-8_i7_34_SL336379.fastq.gz	235076449
GSLv5-8_i7_34	TATCTTAT	SL336379	5453-CEM-1013	HMCMJCCXY_s8_2_GSLv5-8_i7_34_SL336379.fastq.gz	235076449
GSLv5-8_i7_35	CATTGTCG	SL336380	5453-CEM-1015	HMCMJCCXY_s8_1_GSLv5-8_i7_35_SL336380.fastq.gz	235072524
GSLv5-8_i7_35	CATTGTCG	SL336380	5453-CEM-1015	HMCMJCCXY_s8_2_GSLv5-8_i7_35_SL336380.fastq.gz	235072524
GSLv5-8_i7_36	TCGTTGCG	SL336381	5453-CEM-1017	HMCMJCCXY_s8_1_GSLv5-8_i7_36_SL336381.fastq.gz	235052799
GSLv5-8_i7_36	TCGTTGCG	SL336381	5453-CEM-1017	HMCMJCCXY_s8_2_GSLv5-8_i7_36_SL336381.fastq.gz	235052799
GSLv5-8_i7_37	AAGCAATT	SL336382	5453-CEM-1021	HMCMJCCXY_s8_1_GSLv5-8_i7_37_SL336382.fastq.gz	235079195
GSLv5-8_i7_37	AAGCAATT	SL336382	5453-CEM-1021	HMCMJCCXY_s8_2_GSLv5-8_i7_37_SL336382.fastq.gz	235079195
GSLv5-8_i7_38	TTGGATTG	SL336383	5453-CEM-1024	HMCMJCCXY_s8_1_GSLv5-8_i7_38_SL336383.fastq.gz	235079267
GSLv5-8_i7_38	TTGGATTG	SL336383	5453-CEM-1024	HMCMJCCXY_s8_2_GSLv5-8_i7_38_SL336383.fastq.gz	235079267
GSLv5-8_i7_39	AACTTCGG	SL336384	5453-CEM-1025	HMCMJCCXY_s8_1_GSLv5-8_i7_39_SL336384.fastq.gz	235078842
GSLv5-8_i7_39	AACTTCGG	SL336384	5453-CEM-1025	HMCMJCCXY_s8_2_GSLv5-8_i7_39_SL336384.fastq.gz	235078842
GSLv5-8_i7_40	TATATAGG	SL336385	5453-CEM-1028	HMCMJCCXY_s8_1_GSLv5-8_i7_40_SL336385.fastq.gz	235072500
GSLv5-8_i7_40	TATATAGG	SL336385	5453-CEM-1028	HMCMJCCXY_s8_2_GSLv5-8_i7_40_SL336385.fastq.gz	235072500
GSLv5-8_i7_41	ACCGGCTC	SL336386	5453-CEM-1037	HMCMJCCXY_s8_1_GSLv5-8_i7_41_SL336386.fastq.gz	0235075621
GSLv5-8_i7_41	ACCGGCTC	SL336386	5453-CEM-1037	HMCMJCCXY_s8_2_GSLv5-8_i7_41_SL336386.fastq.gz	0235075621
GSLv5-8_i7_42	TGACCGAT	SL336387	5453-CEM-1053	HMCMJCCXY_s8_1_GSLv5-8_i7_42_SL336387.fastq.gz	0235075562
GSLv5-8_i7_42	TGACCGAT	SL336387	5453-CEM-1053	HMCMJCCXY_s8_2_GSLv5-8_i7_42_SL336387.fastq.gz	0235075562
GSLv5-8_i7_43	TTGCCGAC	SL336388	5453-CEM-1057	HMCMJCCXY_s8_1_GSLv5-8_i7_43_SL336388.fastq.gz	0235075573
GSLv5-8_i7_43	TTGCCGAC	SL336388	5453-CEM-1057	HMCMJCCXY_s8_2_GSLv5-8_i7_43_SL336388.fastq.gz	0235075573
GSLv5-8_i7_44	ACGTATCT	SL336389	5453-CEM-1093	HMCMJCCXY_s8_1_GSLv5-8_i7_44_SL336389.fastq.gz	0235075598
GSLv5-8_i7_44	ACGTATCT	SL336389	5453-CEM-1093	HMCMJCCXY_s8_2_GSLv5-8_i7_44_SL336389.fastq.gz	0235075598
GSLv5-8_i7_45	CACCTTGT	SL336390	5453-CEM-1135	HMCMJCCXY_s8_1_GSLv5-8_i7_45_SL336390.fastq.gz	0235074184
GSLv5-8_i7_45	CACCTTGT	SL336390	5453-CEM-1135	HMCMJCCXY_s8_2_GSLv5-8_i7_45_SL336390.fastq.gz	0235074184
GSLv5-8_i7_46	ACGGTAAC	SL336391	5453-CEM-1137	HMCMJCCXY_s8_1_GSLv5-8_i7_46_SL336391.fastq.gz	0235075595
GSLv5-8_i7_46	ACGGTAAC	SL336391	5453-CEM-1137	HMCMJCCXY_s8_2_GSLv5-8_i7_46_SL336391.fastq.gz	0235075595
GSLv5-8_i7_47	AATACGAA	SL336392	5453-CEM-1150	HMCMJCCXY_s8_1_GSLv5-8_i7_47_SL336392.fastq.gz	0235072665
GSLv5-8_i7_47	AATACGAA	SL336392	5453-CEM-1150	HMCMJCCXY_s8_2_GSLv5-8_i7_47_SL336392.fastq.gz	0235072665
GSLv5-8_i7_48	TCGCAACG	SL336393	5453-CEM-1173	HMCMJCCXY_s8_1_GSLv5-8_i7_48_SL336393.fastq.gz	0235073108
GSLv5-8_i7_48	TCGCAACG	SL336393	5453-CEM-1173	HMCMJCCXY_s8_2_GSLv5-8_i7_48_SL336393.fastq.gz	0235073108
GSLv5-8_i7_49	CCGTGCTT	SL336394	5453-CEM-1197	HMCMJCCXY_s8_1_GSLv5-8_i7_49_SL336394.fastq.gz	0235074187
GSLv5-8_i7_49	CCGTGCTT	SL336394	5453-CEM-1197	HMCMJCCXY_s8_2_GSLv5-8_i7_49_SL336394.fastq.gz	0235074187
GSLv5-8_i7_50	CCTGACTC	SL336395	5453-CEM-1201	HMCMJCCXY_s8_1_GSLv5-8_i7_50_SL336395.fastq.gz	0235075605
GSLv5-8_i7_50	CCTGACTC	SL336395	5453-CEM-1201	HMCMJCCXY_s8_2_GSLv5-8_i7_50_SL336395.fastq.gz	0235075605
GSLv5-8_i7_51	AGCCGTGT	SL336396	5453-CEM-1224	HMCMJCCXY_s8_1_GSLv5-8_i7_51_SL336396.fastq.gz	0235073097
GSLv5-8_i7_51	AGCCGTGT	SL336396	5453-CEM-1224	HMCMJCCXY_s8_2_GSLv5-8_i7_51_SL336396.fastq.gz	0235073097
GSLv5-8_i7_52	CTTAACAT	SL336397	5453-CEM-1227	HMCMJCCXY_s8_1_GSLv5-8_i7_52_SL336397.fastq.gz	0235075603
GSLv5-8_i7_52	CTTAACAT	SL336397	5453-CEM-1227	HMCMJCCXY_s8_2_GSLv5-8_i7_52_SL336397.fastq.gz	0235075603
GSLv5-8_i7_53	AATCGCCA	SL336398	5453-CEM-1231	HMCMJCCXY_s8_1_GSLv5-8_i7_53_SL336398.fastq.gz	0235072744
GSLv5-8_i7_53	AATCGCCA	SL336398	5453-CEM-1231	HMCMJCCXY_s8_2_GSLv5-8_i7_53_SL336398.fastq.gz	0235072744
GSLv5-8_i7_54	CTCCGCAA	SL336399	5453-CEM-1232	HMCMJCCXY_s8_1_GSLv5-8_i7_54_SL336399.fastq.gz	0235074114
GSLv5-8_i7_54	CTCCGCAA	SL336399	5453-CEM-1232	HMCMJCCXY_s8_2_GSLv5-8_i7_54_SL336399.fastq.gz	0235074114
GSLv5-8_i7_55	AGGTCGAC	SL336400	5453-CEM-1237	HMCMJCCXY_s8_1_GSLv5-8_i7_55_SL336400.fastq.gz	0235073100
GSLv5-8_i7_55	AGGTCGAC	SL336400	5453-CEM-1237	HMCMJCCXY_s8_2_GSLv5-8_i7_55_SL336400.fastq.gz	0235073100
GSLv5-8_i7_56	TCCGAACA	SL336401	5453-CEM-1239	HMCMJCCXY_s8_1_GSLv5-8_i7_56_SL336401.fastq.gz	0235075568
GSLv5-8_i7_56	TCCGAACA	SL336401	5453-CEM-1239	HMCMJCCXY_s8_2_GSLv5-8_i7_56_SL336401.fastq.gz	0235075568
GSLv5-8_i7_57	CCACGGCT	SL336402	5453-CEM-1240	HMCMJCCXY_s8_1_GSLv5-8_i7_57_SL336402.fastq.gz	0235076484
GSLv5-8_i7_57	CCACGGCT	SL336402	5453-CEM-1240	HMCMJCCXY_s8_2_GSLv5-8_i7_57_SL336402.fastq.gz	0235076484
GSLv5-8_i7_58	TTATGCAA	SL336403	5453-CEM-1241	HMCMJCCXY_s8_1_GSLv5-8_i7_58_SL336403.fastq.gz	0235073124
GSLv5-8_i7_58	TTATGCAA	SL336403	5453-CEM-1241	HMCMJCCXY_s8_2_GSLv5-8_i7_58_SL336403.fastq.gz	0235073124
GSLv5-8_i7_59	CGAATATG	SL336404	5453-CEM-1242	HMCMJCCXY_s8_1_GSLv5-8_i7_59_SL336404.fastq.gz	0235072732
GSLv5-8_i7_59	CGAATATG	SL336404	5453-CEM-1242	HMCMJCCXY_s8_2_GSLv5-8_i7_59_SL336404.fastq.gz	0235072732
GSLv5-8_i7_60	CGTAATGT	SL336405	5453-CEM-1245	HMCMJCCXY_s8_1_GSLv5-8_i7_60_SL336405.fastq.gz	0235075588
GSLv5-8_i7_60	CGTAATGT	SL336405	5453-CEM-1245	HMCMJCCXY_s8_2_GSLv5-8_i7_60_SL336405.fastq.gz	0235075588
GSLv5-8_i7_61	ATTGTTAA	SL336406	5453-CEM-1250	HMCMJCCXY_s8_1_GSLv5-8_i7_61_SL336406.fastq.gz	0235075571
GSLv5-8_i7_61	ATTGTTAA	SL336406	5453-CEM-1250	HMCMJCCXY_s8_2_GSLv5-8_i7_61_SL336406.fastq.gz	0235075571
GSLv5-8_i7_62	AGATTCCT	SL336407	5453-CEM-1251	HMCMJCCXY_s8_1_GSLv5-8_i7_62_SL336407.fastq.gz	0235072671
GSLv5-8_i7_62	AGATTCCT	SL336407	5453-CEM-1251	HMCMJCCXY_s8_2_GSLv5-8_i7_62_SL336407.fastq.gz	0235072671
GSLv5-8_i7_63	TGTTATAT	SL336408	5453-CEM-1260	HMCMJCCXY_s8_1_GSLv5-8_i7_63_SL336408.fastq.gz	0235075513
GSLv5-8_i7_63	TGTTATAT	SL336408	5453-CEM-1260	HMCMJCCXY_s8_2_GSLv5-8_i7_63_SL336408.fastq.gz	0235075513
GSLv5-8_i7_64	CATCCGTG	SL336409	5453-CEM-1268	HMCMJCCXY_s8_1_GSLv5-8_i7_64_SL336409.fastq.gz	0235072697
GSLv5-8_i7_64	CATCCGTG	SL336409	5453-CEM-1268	HMCMJCCXY_s8_2_GSLv5-8_i7_64_SL336409.fastq.gz	0235072697
GSLv5-8_i7_65	TGGAAGCA	SL336410	5453-CEM-1284	HMCMJCCXY_s8_1_GSLv5-8_i7_65_SL336410.fastq.gz	0235072749
GSLv5-8_i7_65	TGGAAGCA	SL336410	5453-CEM-1284	HMCMJCCXY_s8_2_GSLv5-8_i7_65_SL336410.fastq.gz	0235072749
GSLv5-8_i7_66	TGGTCCTT	SL336411	5453-CEM-1312	HMCMJCCXY_s8_1_GSLv5-8_i7_66_SL336411.fastq.gz	0235073045
GSLv5-8_i7_66	TGGTCCTT	SL336411	5453-CEM-1312	HMCMJCCXY_s8_2_GSLv5-8_i7_66_SL336411.fastq.gz	0235073045
GSLv5-8_i7_67	CTGCTGCG	SL336412	5453-CEM-1314	HMCMJCCXY_s8_1_GSLv5-8_i7_67_SL336412.fastq.gz	0235075610
GSLv5-8_i7_67	CTGCTGCG	SL336412	5453-CEM-1314	HMCMJCCXY_s8_2_GSLv5-8_i7_67_SL336412.fastq.gz	0235075610
GSLv5-8_i7_68	TATTAATT	SL336413	5453-CEM-1324	HMCMJCCXY_s8_1_GSLv5-8_i7_68_SL336413.fastq.gz	0235074099
GSLv5-8_i7_68	TATTAATT	SL336413	5453-CEM-1324	HMCMJCCXY_s8_2_GSLv5-8_i7_68_SL336413.fastq.gz	0235074099
GSLv5-8_i7_69	AAGCCGCC	SL336414	5453-CEM-1328	HMCMJCCXY_s8_1_GSLv5-8_i7_69_SL336414.fastq.gz	0235073793
GSLv5-8_i7_69	AAGCCGCC	SL336414	5453-CEM-1328	HMCMJCCXY_s8_2_GSLv5-8_i7_69_SL336414.fastq.gz	0235073793
GSLv5-8_i7_70	ATGACACG	SL336415	5453-CEM-1343	HMCMJCCXY_s8_1_GSLv5-8_i7_70_SL336415.fastq.gz	0235075619
GSLv5-8_i7_70	ATGACACG	SL336415	5453-CEM-1343	HMCMJCCXY_s8_2_GSLv5-8_i7_70_SL336415.fastq.gz	0235075619
GSLv5-8_i7_71	ATGCTATC	SL336416	5453-CEM-1345	HMCMJCCXY_s8_1_GSLv5-8_i7_71_SL336416.fastq.gz	0235076594
GSLv5-8_i7_71	ATGCTATC	SL336416	5453-CEM-1345	HMCMJCCXY_s8_2_GSLv5-8_i7_71_SL336416.fastq.gz	0235076594
GSLv5-8_i7_72	CTACGGAC	SL336417	5453-CEM-1346	HMCMJCCXY_s8_1_GSLv5-8_i7_72_SL336417.fastq.gz	0235075628
GSLv5-8_i7_72	CTACGGAC	SL336417	5453-CEM-1346	HMCMJCCXY_s8_2_GSLv5-8_i7_72_SL336417.fastq.gz	0235075628
GSLv5-8_i7_73	ACACATTC	SL336418	5453-CEM-1347	HMCMJCCXY_s8_1_GSLv5-8_i7_73_SL336418.fastq.gz	0235073052
GSLv5-8_i7_73	ACACATTC	SL336418	5453-CEM-1347	HMCMJCCXY_s8_2_GSLv5-8_i7_73_SL336418.fastq.gz	0235073052
GSLv5-8_i7_74	CGACTGGC	SL336419	5453-CEM-1350	HMCMJCCXY_s8_1_GSLv5-8_i7_74_SL336419.fastq.gz	0235075548
GSLv5-8_i7_74	CGACTGGC	SL336419	5453-CEM-1350	HMCMJCCXY_s8_2_GSLv5-8_i7_74_SL336419.fastq.gz	0235075548
GSLv5-8_i7_75	CGAATTCC	SL336420	5453-CEM-1351	HMCMJCCXY_s8_1_GSLv5-8_i7_75_SL336420.fastq.gz	0235073041
GSLv5-8_i7_75	CGAATTCC	SL336420	5453-CEM-1351	HMCMJCCXY_s8_2_GSLv5-8_i7_75_SL336420.fastq.gz	0235073041
GSLv5-8_i7_76	AGAGAAGC	SL336421	5453-CEM-1352	HMCMJCCXY_s8_1_GSLv5-8_i7_76_SL336421.fastq.gz	0235072710
GSLv5-8_i7_76	AGAGAAGC	SL336421	5453-CEM-1352	HMCMJCCXY_s8_2_GSLv5-8_i7_76_SL336421.fastq.gz	0235072710
GSLv5-8_i7_77	TTCTAGTT	SL336422	5453-CEM-1360	HMCMJCCXY_s8_1_GSLv5-8_i7_77_SL336422.fastq.gz	0235076003
GSLv5-8_i7_77	TTCTAGTT	SL336422	5453-CEM-1360	HMCMJCCXY_s8_2_GSLv5-8_i7_77_SL336422.fastq.gz	0235076003
GSLv5-8_i7_78	ACCTGCGA	SL336423	5453-CEM-1363	HMCMJCCXY_s8_1_GSLv5-8_i7_78_SL336423.fastq.gz	0235075590
GSLv5-8_i7_78	ACCTGCGA	SL336423	5453-CEM-1363	HMCMJCCXY_s8_2_GSLv5-8_i7_78_SL336423.fastq.gz	0235075590
GSLv5-8_i7_79	CCGCGCCA	SL336424	5453-CEM-1364	HMCMJCCXY_s8_1_GSLv5-8_i7_79_SL336424.fastq.gz	0235075613
GSLv5-8_i7_79	CCGCGCCA	SL336424	5453-CEM-1364	HMCMJCCXY_s8_2_GSLv5-8_i7_79_SL336424.fastq.gz	0235075613
GSLv5-8_i7_80	TCTTCCGT	SL336425	5453-CEM-1365	HMCMJCCXY_s8_1_GSLv5-8_i7_80_SL336425.fastq.gz	0235075565
GSLv5-8_i7_80	TCTTCCGT	SL336425	5453-CEM-1365	HMCMJCCXY_s8_2_GSLv5-8_i7_80_SL336425.fastq.gz	0235075565
GSLv5-8_i7_81	AACATGTT	SL336426	5453-CEM-1367	HMCMJCCXY_s8_1_GSLv5-8_i7_81_SL336426.fastq.gz	0235075587
GSLv5-8_i7_81	AACATGTT	SL336426	5453-CEM-1367	HMCMJCCXY_s8_2_GSLv5-8_i7_81_SL336426.fastq.gz	0235075587
GSLv5-8_i7_82	ATGAGTGA	SL336427	5453-CEM-1371	HMCMJCCXY_s8_1_GSLv5-8_i7_82_SL336427.fastq.gz	0235075592
GSLv5-8_i7_82	ATGAGTGA	SL336427	5453-CEM-1371	HMCMJCCXY_s8_2_GSLv5-8_i7_82_SL336427.fastq.gz	0235075592
GSLv5-8_i7_83	TAGCGGTA	SL336428	5453-CEM-1372	HMCMJCCXY_s8_1_GSLv5-8_i7_83_SL336428.fastq.gz	0235075241
GSLv5-8_i7_83	TAGCGGTA	SL336428	5453-CEM-1372	HMCMJCCXY_s8_2_GSLv5-8_i7_83_SL336428.fastq.gz	0235075241
GSLv5-8_i7_84	AACGACCT	SL336429	5453-CEM-1373	HMCMJCCXY_s8_1_GSLv5-8_i7_84_SL336429.fastq.gz	0235074173
GSLv5-8_i7_84	AACGACCT	SL336429	5453-CEM-1373	HMCMJCCXY_s8_2_GSLv5-8_i7_84_SL336429.fastq.gz	0235074173
GSLv5-8_i7_85	CTTCCAAC	SL336430	5453-CEM-1375	HMCMJCCXY_s8_1_GSLv5-8_i7_85_SL336430.fastq.gz	0235075584
GSLv5-8_i7_85	CTTCCAAC	SL336430	5453-CEM-1375	HMCMJCCXY_s8_2_GSLv5-8_i7_85_SL336430.fastq.gz	0235075584
GSLv5-8_i7_86	AGTTCCGC	SL336431	5453-CEM-1377	HMCMJCCXY_s8_1_GSLv5-8_i7_86_SL336431.fastq.gz	0235075614
GSLv5-8_i7_86	AGTTCCGC	SL336431	5453-CEM-1377	HMCMJCCXY_s8_2_GSLv5-8_i7_86_SL336431.fastq.gz	0235075614
GSLv5-8_i7_87	CCGGCAGT	SL336432	5453-CEM-1378	HMCMJCCXY_s8_1_GSLv5-8_i7_87_SL336432.fastq.gz	0235075569
GSLv5-8_i7_87	CCGGCAGT	SL336432	5453-CEM-1378	HMCMJCCXY_s8_2_GSLv5-8_i7_87_SL336432.fastq.gz	0235075569
GSLv5-8_i7_88	AATTGAAG	SL336433	5453-CEM-1381	HMCMJCCXY_s8_1_GSLv5-8_i7_88_SL336433.fastq.gz	0235075575
GSLv5-8_i7_88	AATTGAAG	SL336433	5453-CEM-1381	HMCMJCCXY_s8_2_GSLv5-8_i7_88_SL336433.fastq.gz	0235075575
GSLv5-8_i7_89	ACATTGCC	SL336434	5453-CEM-1385	HMCMJCCXY_s8_1_GSLv5-8_i7_89_SL336434.fastq.gz	0235072705
GSLv5-8_i7_89	ACATTGCC	SL336434	5453-CEM-1385	HMCMJCCXY_s8_2_GSLv5-8_i7_89_SL336434.fastq.gz	0235072705
GSLv5-8_i7_90	CCTTCTGG	SL336435	5453-CEM-1390	HMCMJCCXY_s8_1_GSLv5-8_i7_90_SL336435.fastq.gz	0235075600
GSLv5-8_i7_90	CCTTCTGG	SL336435	5453-CEM-1390	HMCMJCCXY_s8_2_GSLv5-8_i7_90_SL336435.fastq.gz	0235075600
GSLv5-8_i7_91	CGGATGGA	SL336436	5453-CEM-1394	HMCMJCCXY_s8_1_GSLv5-8_i7_91_SL336436.fastq.gz	0235075612
GSLv5-8_i7_91	CGGATGGA	SL336436	5453-CEM-1394	HMCMJCCXY_s8_2_GSLv5-8_i7_91_SL336436.fastq.gz	0235075612
GSLv5-8_i7_92	AATCTACT	SL336437	5453-CEM-1396	HMCMJCCXY_s8_1_GSLv5-8_i7_92_SL336437.fastq.gz	0235075557
GSLv5-8_i7_92	AATCTACT	SL336437	5453-CEM-1396	HMCMJCCXY_s8_2_GSLv5-8_i7_92_SL336437.fastq.gz	0235075557
GSLv5-8_i7_93	ATCTCTTA	SL336438	5453-CEM-1400	HMCMJCCXY_s8_1_GSLv5-8_i7_93_SL336438.fastq.gz	0235075261
GSLv5-8_i7_93	ATCTCTTA	SL336438	5453-CEM-1400	HMCMJCCXY_s8_2_GSLv5-8_i7_93_SL336438.fastq.gz	0235075261
GSLv5-8_i7_94	TGGCGTAT	SL336439	5453-CEM-1401	HMCMJCCXY_s8_1_GSLv5-8_i7_94_SL336439.fastq.gz	0235075599
GSLv5-8_i7_94	TGGCGTAT	SL336439	5453-CEM-1401	HMCMJCCXY_s8_2_GSLv5-8_i7_94_SL336439.fastq.gz	0235075599
GSLv5-8_i7_95	CTCGAAGG	SL336440	5453-CEM-1402	HMCMJCCXY_s8_1_GSLv5-8_i7_95_SL336440.fastq.gz	0235072748
GSLv5-8_i7_95	CTCGAAGG	SL336440	5453-CEM-1402	HMCMJCCXY_s8_2_GSLv5-8_i7_95_SL336440.fastq.gz	0235072748
GSLv5-8_i7_96	TTCAACCT	SL336441	5453-CEM-1404	HMCMJCCXY_s8_1_GSLv5-8_i7_96_SL336441.fastq.gz	0235072713
GSLv5-8_i7_96	TTCAACCT	SL336441	5453-CEM-1404	HMCMJCCXY_s8_2_GSLv5-8_i7_96_SL336441.fastq.gz	0235072713
