Sample Number,Site,Surface,Collector,Date of Collection,Notes,
W0001,,,,,,
W0002,,,,,,
W0003,,,,,,
W0004,,,,,,
W0005,,,,,,
W0006,,,,,,
W0007,,,,,,
W0008,,,,,,
W0009,,,,,,
W0010,,,,,,
W0011,"4,5,6-Brooklyn Bridge City Hall",,,,,
W0012,"4,5,6-Brooklyn Bridge City Hall",,,,,
W0013,"4,5-Wall Street",,,,,
W0014,"4,5-Wall Street",,,,,
W0015,"2,3,4,5- Borough Hall",,,,,
W0016,"2,3,4,5- Borough Hall",,,,,
W0017,"2,3,4,5-Nevins Street",,,,,
W0018,"2,3,4,5-Nevins Street",,,,,
W0019,"2,3-Bergen Street",,,,,
W0020,"2,3-Bergen Street",,,,,
W0021,"2,3-Eastern Parkway ",,,,,
W0022,"2,3-Eastern Parkway ",,,,,
W0023,"2,5- President Street",,,,,
W0024,"2,5- President Street",,,,,
W0025,"2,5-Winthrop Avenue",,,,,
W0026,"2,5-Winthrop Avenue",,,,,
W0027,"2,5-Beverly Road",,,,,
W0028,"2,5-Beverly Road",,,,,
W0029,"2,5- Flatbush Ave Brooklyn College",,,,,
W0030,"2,5- Flatbush Ave Brooklyn College",,,,,
W0031,On 2 or 5 train,,,,,
W0032,On 2 or 5 train,,,,,
W0033,On 2 or 5 train,,,,,
W0034,On 2 or 5 train,,,,,
W0035,On 2 or 5 train,,,,,
W0036,On 2 or 5 train,,,,,
W0037,On 2 or 5 train,,,,,
W0038,On 2 or 5 train,,,,,
W0039,On 2 or 5 train,,,,,
W0040,On 2 or 5 train,,,,,
W0041,N-28th Street,,,,,
W0042,N-28th Street,,,,,
W0043,N-14st Union Square,,,,,
W0044,N-14st Union Square,,,,,
W0045,"N,Q,R-Canal Street",,,,,
W0046,"N,Q,R-Canal Street",,,,,
W0047,"D,N,R,LIRR Atlantic Avenue",,,,,
W0048,"D,N,R,LIRR Atlantic Avenue",,,,,
W0049,R-4-Av 9th Street,,,,,
W0050,R-4-Av 9th Street,,,,,
W0051,R-25 Street,,,,,
W0052,R-25 Street,,,,,
W0053,R-45 Street,,,,,
W0054,R-45 Street,,,,,
W0055,"N,R-59th Street",,,,,
W0056,"N,R-59th Street",,,,,
W0057,R-77th Street,,,,,
W0058,R-77th Street,,,,,
W0059,R-Bay Ridge 95 St,,,,,
W0060,R-Bay Ridge 95 St,,,,,
W0061,In N train,,,,,
W0062,In N train,,,,,
W0063,In N train,,,,,
W0064,In N train,,,,,
W0065,In R train ,,,,,
W0066,In R train ,,,,,
W0067,In R train ,,,,,
W0068,In R train ,,,,,
W0069,In R train ,,,,,
W0070,In R train ,,,,,
W0071,Q-Dekalb Avenue,Other,,,,
W0072,Q-Dekalb Avenue,Turnstile,,,,
W0073,"B,Q,S- Prospect Park",Stairwell Railing,,,,
W0074,"B,Q,S- Prospect Park",Wooden Bench,,,,
W0075,"B,Q-Church Ave",Turnstile,,,,
W0076,"B,Q-Church Ave",Other,,,,
W0077,Q-Cortelyou Road,Other,,,,
W0078,Q-Cortelyou Road,Turnstile,,,,
W0079,Q-Avenue H,Wooden Bench,,,,
W0080,Q-Avenue H,Other,,,,
W0081,Q-Avenue M,Wooden BenchDoors,,,,
W0082,Q-Avenue M,Stairwell Railing,,,,
W0083,Q-Avenue U,Stairwell Railing,,,,
W0084,Q-Avenue U,Other,,,,
W0085,"B,Q-Sheepshead Bay",Wooden Bench,,,,
W0086,"B,Q-Sheepshead Bay",Other,,,,
W0087,Q-Ocean Parkway,Other,,,,
W0088,Q-Ocean Parkway,Stairwell Railing,,,,
W0089,"D,N,F,Q Coney Island Stillwell Av",Other,,,,
W0090,"D,N,F,Q Coney Island Stillwell Av",Wooden Bench,,,,
W0091,In Q train,Seat near door,,,,
W0092,In Q train,Seat Rail,,,,
W0093,In Q train,Doors,,,,
W0094,In Q train,Pole,,,,
W0095,In Q train,Center seat,,,,
W0096,In Q train,Seat near door,,,,
W0097,In Q train,Doors,,,,
W0098,In Q train,Ceiling Rail,,,,
W0099,In Q train,Ceiling Rail,,,,
W0100,In Q train,Pole,,,,
W0101,1-Houston Street,Pole,,,,
W0102,1-Houston Street,Pole,,,,
W0103,1-Franklin Street,Pole,,,,
W0104,1-Franklin Street,Pole,,,,
W0105,"1,2,3- Chambers Street",Pole,,,,
W0106,"1,2,3- Chambers Street",Pole,,,,
W0107,"2,3,4,5 Fulton Street",Pole,,,,
W0108,"2,3,4,5 Fulton Street",Pole,,,,
W0109,"2,3-Clark Street",Pole,,,,
W0110,"2,3-Clark Street",Pole,,,,
W0111,3- Kingston Avenue,Pole,,,,
W0112,3- Kingston Avenue,Pole,,,,
W0113,3- Sutter Av-Rutland Rd,Pole,,,,
W0114,3- Sutter Av-Rutland Rd,Pole,,,,
W0115,3-Rockaway Avenue,Pole,,,,
W0116,3-Rockaway Avenue,Pole,,,,
W0117,3-Pennsylvania Av,Pole,,,,
W0118,3-Pennsylvania Av,Pole,,,,
W0119,3-New Lots Avenue,Pole,,,,
W0120,3-New Lots Avenue,Pole,,,,
W0121,1 train sample,Pole,,,,
W0122,1 train sample,Pole,,,,
W0123,2 or 3 train sample,Pole,,,,
W0124,2 or 3 train sample,Pole,,,,
W0125,2 or 3 train sample,Pole,,,,
W0126,2 or 3 train sample,Pole,,,,
W0127,2 or 3 train sample,Pole,,,,
W0128,2 or 3 train sample,Pole,,,,
W0129,2 or 3 train sample,Pole,,,,
W0130,2 or 3 train sample,Pole,,,,
W0131,G-Court Square,Pole,,,,
W0132,G-Court Square,Pole,,,,
W0133,G-Greenpoint Avenue,Pole,,,,
W0134,G-Greenpoint Avenue,Pole,,,,
W0135,G-Broadway,Pole,,,,
W0136,G-Broadway,Pole,,,,
W0137,G-Myrtle Willoughby Avs,Pole,,,,
W0138,G-Myrtle Willoughby Avs,Pole,,,,
W0139,G-Classon Avenue,Pole,,,,
W0140,G-Classon Avenue,Pole,,,,
W0141,G-Fulton Street,Pole,,,,
W0142,G-Fulton Street,Pole,,,,
W0143,G-Bergen Street,Pole,,,,
W0144,G-Bergen Street,Pole,,,,
W0145,G-Smith 9 Strs,Pole,,,,
W0146,G-Smith 9 Strs,Pole,,,,
W0147,G-7th Ave,Pole,,,,
W0148,G-7th Ave,Pole,,,,
W0149,G-Fort Hamilton Parkway,Pole,,,,
W0150,G-Fort Hamilton Parkway,Pole,,,,
W0151,In G train,Pole,,,,
W0152,In G train,Pole,,,,
W0153,In G train,Pole,,,,
W0154,In G train,Pole,,,,
W0155,In G train,Pole,,,,
W0156,In G train,Pole,,,,
W0157,In G train,Pole,,,,
W0158,In G train,Pole,,,,
W0159,In G train,Pole,,,,
W0160,In G train,Pole,,,,
W0161,M - Middle Village/Metropolitan Ave,Kiosk,,,,
W0162,M - Middle Village/Metripolitan Ave,Turnstile,,,,
W0163,M - Forest Ave ,Other,,,,
W0164,M - Forest Ave,Steel Bench,,,,
W0165,L/M - Myrtle Wycoffe Aves ,Other,,,,
W0166,L/M - Myrtle Wycoffe Aves ,Other,,,,
W0167,M - Central Ave,Stairwell Railing,,,,
W0168,M - Central Ave ,Steel Bench,,,,
W0169,M/J - Flushing Ave ,Stairwell Railing,,,,
W0170,M/J - Flushing Ave ,Wooden Bench,,,,
W0171,M/J - Hewes St,Kiosk,,,,
W0172,M/J - Hewes St,Turnstile,,,,
W0173,M/J/F/Z - Essex St,Other,,,,
W0174,M/J/F/Z - Essex St,Wooden Bench,,,,
W0175,M - West 4 St ,Kiosk,,,,
W0176,M - West 4 St ,Kiosk,,,,
W0177,M - 23 St ,Turnstile,,,,
W0178,M - 23 St ,Wooden Bench,,,,
W0179,M - 42 St/Bryant Park ,Wooden Bench,,,,
W0180,M - 42 St/Bryant Park ,Stairwell Railing,,,,
W0181,M Train ,Pole,,,,
W0182,M Train ,Doors,,,,
W0183,M Train ,Center seat,,,,
W0184,M Train ,Pole,,,,
W0185,M Train ,Doors,,,,
W0186,M Train ,Pole,,,,
W0187,M Train ,Doors,,,,
W0188,M Train ,Pole,,,,
W0189,M Train ,Doors,,,,
W0190,M Train ,Pole,,,,
W0191,E/J/Z - Jamaica Center Parsons/Archer,Pole,,,,
W0192,E/J/Z - Jamaica Center Parsons/Archer,Pole,,,,
W0193,J/Z - 121 St,Wooden Bench,,,,
W0194,J/Z - 121 St,Other,,,,
W0195,J/Z - 104 St,Other,,,,
W0196,J/Z - 104 St,Other,,,,
W0197,J/Z - Woodhaven Blvd,Other,,,,
W0198,J/Z - Woodhaven Blvd,Other,,,,
W0199,J/Z - 75 St/Elderts Ln ,Other,,,,
W0200,J/Z - 75 St/Elderts Ln ,Other,,,,
W0201,J/Z - Crescent St ,Other,,,,
W0202,J/Z - Crescent St ,Other,,,,
W0203,J/Z - Cleveland St ,Other,,,,
W0204,J/Z - Cleveland St ,Other,,,,
W0205,J/Z - Alabama Ave,Other,,,,
W0206,J/Z - Alabama Ave,Other,,,,
W0207,J/Z - Halsley St ,Other,,,,
W0208,J/Z - Halsley St ,Other,,,,
W0209,J/M/Z - Myrtle Ave ,Other,,,,
W0210,J/M/Z - Myrtle Ave ,Other,,,,
W0211,J/Z Train,Other,,,,
W0212,J/Z Train,Center seat,,,,
W0213,J/Z Train,Center seat,,,,
W0214,J/Z Train,Center seat,,,,
W0215,J/Z Train,Center seat,,,,
W0216,J/Z Train,Center seat,,,,
W0217,J/Z Train,Center seat,,,,
W0218,J/Z Train,Center seat,,,,
W0219,J/Z Train,Center seat,,,,
W0220,J/Z Train,Center seat,,,,
W0221,L - Canarsie Rockaway Pkwy,Turnstile,,,,
W0222,L - Canarsie Rockaway Pkwy,Kiosk,,,,
W0223,L - New Lots Ave,Stairwell Railing,,,,
W0224,L - New Lots Ave,Turnstile,,,,
W0225,L - Sutter Ave,Stairwell Railing,,,,
W0226,L - Sutter Ave,Wooden Bench,,,,
W0227,L/J/Z - Broadway Junction,Wooden Bench,,,,
W0228,L/J/Z - Broadway Junction,Stairwell Railing,,,,
W0229,L - Wilson Ave,Other,,,,
W0230,L - Wilson Ave,Stairwell Railing,,,,
W0231,L - DeKalb ave,,,,,
W0232,L - DeKalb ave,Turnstile,,,,
W0233,L - Morgan Ave,Wooden Bench,,,,
W0234,L - Morgan Ave,Kiosk,,,,
W0235,L - Grand St ,Wooden Bench,,,,
W0236,L - Grand St ,Stairwell Railing,,,,
W0237,L - Lorimer St ,Stairwell Railing,,,,
W0238,L - Lorimer St ,Turnstile,,,,
W0239,L - Bedford Ave,Wooden Bench,,,,
W0240,L - Bedford Ave ,Turnstile,,,,
W0241,L Train ,Pole,,,,
W0242,L Train ,Seat Rail,,,,
W0243,L Train ,Ceiling Rail,,,,
W0244,L Train ,Seat near door,,,,
W0245,L Train ,Center seat,,,,
W0246,L Train ,Doors,,,,
W0247,L Train ,Ceiling Rail,,,,
W0248,L Train ,Pole,,,,
W0249,L Train ,Doors,,,,
W0250,L Train ,Doors,,,,
W0251,A/C - High St,Other,,,,
W0252,A/C - High St,Wooden Bench,,,,
W0253,A/C - Jay St Metrotech,Other,,,,
W0254,A/C - Jay St Metrotech,Stairwell Railing,,,,
W0255,A/C - Lafayette Ave,Turnstile,,,,
W0256,A/C - Lafayette Ave,Other,,,,
W0257,A/C - Nostrand Ave ,Wooden Bench,,,,
W0258,A/C - Nostrand Ave ,Other,,,,
W0259,A/C - Utica Ave,Stairwell Railing,,,,
W0260,A/C - Utica Ave,Other,,,,
W0261,A/C - Rocaway Ave,Other,,,,
W0262,A/C - Rocaway Ave,Stairwell Railing,,,,
W0263,A/C - Liberty Ave,Other,,,,
W0264,A/C - Liberty Ave ,Wooden Bench,,,,
W0265,A/C - Euclid Ave,Other,,,,
W0266,A/C - Euclid Ave,Other,,,,
W0267,A - 88St ,Stairwell Railing,,,,
W0268,A - 88 St ,Kiosk,,,,
W0269,A - Ozone Park/Lefferts Blvd,Kiosk,,,,
W0270,A - Ozone Park/Lefferts Blvd,Wooden Bench,,,,
W0271,A/C Train,Seat Rail,,,,
W0272,A/C Train,Seat near door,,,,
W0273,A/C Train,Pole,,,,
W0274,A/C Train,,,,,
W0275,A/C Train,Center seat,,,,
W0276,A/C Train,Pole,,,,
W0277,A/C Train,,,,,
W0278,A/C Train,Doors,,,,
W0279,A/C Train,Seat Rail,,,,
W0280,A/C Train,,,,,
W0281,F Line - Ditmas Ave ,Wooden Bench,,,,
W0282,F Line - Ditmas Ave ,Stairwell Railing,,,,
W0283,F Line - Avenue I,Other,,,,
W0284,F Line - Avenue I,Turnstile,,,,
W0285,F Line - Avenue N,Stairwell Railing,,,,
W0286,F Line - Avenue N,Kiosk,,,,
W0287,F Line - Kings Hwy,Wooden Bench,,,,
W0288,F Line - Kings Hwy,Other,,,,
W0289,F Line - Avenue X,Turnstile,,,,
W0290,F Line - Avenue X,Other,,,,
W0291,F/Q Line - West 8 St NY Aquarium  ,Wooden Bench,,,,
W0292,F/Q Line - West 8 St NY Aquarium  ,Kiosk,,,,
W0293,N Line - 86 St,Stairwell Railing,,,,
W0294,N Line - 86 St,Turnstile,,,,
W0295,N Line - Kings HWY,Wooden Bench,,,,
W0296,N Line - Kings HWY,Other,,,,
W0297,N Line - 20 Ave,Stairwell Railing,,,,
W0298,N Line - 20 Ave,Wooden Bench,,,,
W0299,N Line - New Utrecht Ave,Other,,,,
W0300,N Line - New Utrecht Ave,Stairwell Railing,,,,
W0301,F Train,Seat Rail,,,,
W0302,F Train,Seat near door,,,,
W0303,F Train ,Doors,,,,
W0304,F Train ,Pole,,,,
W0305,F Train ,Ceiling Rail,,,,
W0306,N Train,Doors,,,,
W0307,N Train,Seat Rail,,,,
W0308,N Train ,Seat near door,,,,
W0309,N Train,Center seat,,,,
W0310,N Train ,Ceiling Rail,,,,
W0311,D/N/R - 36 St,Wooden Bench,,,,
W0312,D/N/R - 36 St,Stairwell Railing,,,,
W0313,D Line - Fort Hamilton,Kiosk,,,,
W0314,D Line - Fort Hamilton,Turnstile,,,,
W0315,D Line - 55 St,Other,,,,
W0316,D Line - 55 St,Wooden Bench,,,,
W0317,D Line - 62 St,Turnstile,,,,
W0318,D Line - 62 St,Other,,,,
W0319,D Line - 79 St,Other,,,,
W0320,D Line - 79 St,Stairwell Railing,,,,
W0321,D Line  - 20 Ave,Wooden Bench,,,,
W0322,D Line  - 20 Ave,Stairwell Railing,,,,
W0323,D Line - 25 Ave,Kiosk,,,,
W0324,D Line - 25 Ave,Turnstile,,,,
W0325,D Line - Bay 50 St ,Turnstile,,,,
W0326,D Line - Bay 50 St ,Other,,,,
W0327,N Line - Avenue U ,Wooden Bench,,,,
W0328,N Line - Avenue U ,Stairwell Railing,,,,
W0329,N Line - 8 Ave,Stairwell Railing,,,,
W0330,N Line - 8 Ave,Kiosk,,,,
W0331,D Train,Doors,,,,
W0332,D Train,Center seat,,,,
W0333,D Train,Doors,,,,
W0334,D Train,Center seat,,,,
W0335,D Train,Pole,,,,
W0336,N Train,Ceiling Rail,,,,
W0337,N Train,Ceiling Rail,,,,
W0338,N Train,Doors,,,,
W0339,N Train,Center seat,,,,
W0340,N Train,Seat Rail,,,,
W0341,7 Line - Flushing Main St,Other,,,,
W0342,7 Line - Flushing Main St,Kiosk,,,,
W0343,7 Line - Mets Willets Point,Stairwell Railing,,,,
W0344,7 Line - Mets Willets Point,Turnstile,,,,
W0345,7 Line - Junction Blvd,Other,,,,
W0346,7 Line - Junction Blvd,Other,,,,
W0347,7 Line - Roosevelt Ave,Other,,,,
W0348,7 Line - Roosevelt Ave,Other,,,,
W0349,7 Line - 61 St Woodside,Kiosk,,,,
W0350,7 Line - 61 St Woodside,Steel Bench,,,,
W0351,7 Line - 46 St Bliss St,Wooden Bench,,,,
W0352,7 Line - 46 St Bliss St,Stairwell Railing,,,,
W0353,7 Line - 33 St ,Kiosk,,,,
W0354,7 Line - 33 St ,Other,,,,
W0355,7 Line - Queensboro Plaza,Wooden Bench,,,,
W0356,7 Line - Queensboro Plaza,Other,,,,
W0357,7 Line - Court Square,Stairwell Railing,,,,
W0358,7 Line - Court Square,Other,,,,
W0359,7 Line - Vernon Blvd Jackson,Kiosk,,,,
W0360,7 Line - Vernon Blvd Jackson,Wooden Bench,,,,
W0361,7 Train,Center seat,,,,
W0362,7 Train,Doors,,,,
W0363,7 Train,Pole,,,,
W0364,7 Train,Seat near door,,,,
W0365,7 Train,Doors,,,,
W0366,7 Train,Seat near door,,,,
W0367,7 Train,Ceiling Rail,,,,
W0368,7 Train,Pole,,,,
W0369,7 Train,Center seat,,,,
W0370,7 Train,Doors,,,,
W0371,E/J/Z - Sutphin Blvd,Steel Bench,,,,
W0372,E/J/Z - Sutphin Blvd,Other,,,,
W0373,E/F Line - Briarwood Van Wyck Blvd,Wooden Bench,,,,
W0374,E/F Line - Briarwood Van Wyck Blvd,Stairwell Railing,,,,
W0375,F Line - Parsons Blvd,Stairwell Railing,,,,
W0376,F Line - Parsons Blvd,Wooden Bench,,,,
W0377,F Line - Jamaica 179 St,Stairwell Railing,,,,
W0378,F Line - Jamaica 179 St,Other,,,,
W0379,E/F Line - Kew Gardens Uniont Tpke,Stairwell Railing,,,,
W0380,E/F Line - Kew Gardens Uniont Tpke,Wooden Bench,,,,
W0381,E/F Line - Forest Hills 71st Ave,Wooden Bench,,,,
W0382,E/F Line - Forest Hills 71st Ave,Stairwell Railing,,,,
W0383,E/F/M/R - Jackson Hts Roosevelt Ave,Stairwell Railing,,,,
W0384,E/F/M/R - Jackson Hts Roosevelt Ave,Wooden Bench,,,,
W0385,E/M/R - Queens Plaza,Turnstile,,,,
W0386,E/M/R - Queens Plaza,Kiosk,,,,
W0387,E/M - Lexington Ave,Wooden Bench,,,,
W0388,E/M - Lexington Ave,Stairwell Railing,,,,
W0389,E/B/D - 7 ave,Wooden Bench,,,,
W0390,E/B/D - 7 ave,Other,,,,
W0391,E Train,Doors,,,,
W0392,E Train,Pole,,,,
W0393,E Train ,Seat near door,,,,
W0394,E Train,Seat Rail,,,,
W0395,E Train ,Ceiling Rail,,,,
W0396,F Train,Pole,,,,
W0397,F Train,Doors,,,,
W0398,F Train,Seat near door,,,,
W0399,F Train,Seat Rail,,,,
W0400,F Train,Ceiling Rail,,,,
W0401,M/R Line - 67 Ave,Kiosk,,,,
W0402,M/R Line - 67 Ave,Kiosk,,,,
W0403,M/R Line - Woodhaven Blvd ,Stairwell Railing,,,,
W0404,M/R Line - Woodhaven Blvd ,Turnstile,,,,
W0405,M/R Line - Elmhurst Ave,Wooden Bench,,,,
W0406,M/R Line - Elmhurst Ave,Stairwell Railing,,,,
W0407,M/R Line - 65 St,Stairwell Railing,,,,
W0408,M/R Line - 65 St,Turnstile,,,,
W0409,M/R Line - 46 St,Turnstile,,,,
W0410,M/R Line - 46 St,Other,,,,
W0411,M/R Line - 36 St,Kiosk,,,,
W0412,M/R Line - 36 St,Turnstile,,,,
W0413,N/Q Line - 39 Ave,Stairwell Railing,,,,
W0414,N/Q Line - 39 Ave,Wooden Bench,,,,
W0415,N/Q Line - Broadway,Wooden Bench,,,,
W0416,N/Q Line - Broadway,Stairwell Railing,,,,
W0417,N/Q Line - Astoria Blvd,Other,,,,
W0418,N/Q Line - Astoria Blvd,Other,,,,
W0419,N/Q Line - Astoria Ditmars Blvd,Stairwell Railing,,,,
W0420,N/Q Line - Astoria Ditmars Blvd,Wooden Bench,,,,
W0421,M Train,Pole,,,,
W0422,M Train,Seat near door,,,,
W0423,M Train,Seat Rail,,,,
W0424,R Train,Seat Rail,,,,
W0425,R Train,Seat near door,,,,
W0426,R Train,Pole,,,,
W0427,N Train,Doors,,,,
W0428,N Train,Pole,,,,
W0429,Q Train ,Doors,,,,
W0430,Q Train,Ceiling Rail,,,,
W0431,"4,5- Bowling Green",Other,,,,
W0432,"4,5- Bowling Green",Other,,,,
W0433,6 - Spring St,Turnstile,,,,
W0434,6 - Spring St,Other,,,,
W0435,6 - Astor Place,Stairwell Railing,,,,
W0436,6 - Astor Place,Wooden Bench,,,,
W0437,6 - 23 St,Other,,,,
W0438,6 - 23 St,Kiosk,,,,
W0439,6 - Grand Central,Other,,,,
W0440,6 - Grand Central,Stairwell Railing,,,,
W0441,6 - 59 St,Other,,,,
W0442,6 - 59 St,Other,,,,
W0443,6 - 77 St,Other,,,,
W0444,6 - 77 St,Wooden Bench,,,,
W0445,6 - 96 St,Turnstile,,,,
W0446,6 - 96 St,Stairwell Railing,,,,
W0447,6 - 110 St,Kiosk,,,,
W0448,6 - 110 St,Other,,,,
W0449,6 - 125 St,Other,,,,
W0450,6 - 125 St,Turnstile,,,,
W0451,4/5/6 Train,Pole,,,,
W0452,4/5/6 Train,Seat Rail,,,,
W0453,4/5/6 Train,Doors,,,,
W0454,4/5/6 Train,Ceiling Rail,,,,
W0455,4/5/6 Train,Seat near door,,,,
W0456,4/5/6 Train,Pole,,,,
W0457,4/5/6 Train,Doors,,,,
W0458,4/5/6 Train,Center seat,,,,
W0459,4/5/6 Train,Ceiling Rail,,,,
W0460,4/5/6 Train,,,,,
W0461,1/2/3 - Chambers St,Stairwell Railing,,,,
W0462,1/2/3 - Chambers St,Turnstile,,,,
W0463,1 - Canal St,Kiosk,,,,
W0464,1 - Canal St,Turnstile,,,,
W0465,1 - Christopher St ,Wooden Bench,,,,
W0466,1 - Christopher St ,Kiosk,,,,
W0467,1 - 18 St,Wooden BenchCeiling Rail,,,,
W0468,1 - 18 St,Stairwell Railing,,,,
W0469,1 - Penn Station,Stairwell Railing,,,,
W0470,1 - Penn Station,Kiosk,,,,
W0471,1 - Times Square,Wooden Bench,,,,
W0472,1 - Times Square,Stairwell Railing,,,,
W0473,1 - 59 St Columbus Circle,Wooden Bench,,,,
W0474,1 - 59 St Columbus Circle,Other,,,,
W0475,1 - 72 St ,Wooden Bench,,,,
W0476,1 - 72 St ,Stairwell Railing,,,,
W0477,1 - 96 St ,Stairwell Railing,,,,
W0478,1 - 96 St ,Stairwell Railing,,,,
W0479,1 - Cathedral Pkwy 110 St,Wooden Bench,,,,
W0480,1 - Cathedral Pkwy 110 St,Kiosk,,,,
W0481,1 Train,Doors,,,,
W0482,1 Train,Seat near door,,,,
W0483,1 Train,Pole,,,,
W0484,1 Train,Center seat,,,,
W0485,1 Train,Seat Rail,,,,
W0486,1 Train,Doors,,,,
W0487,1 Train,Pole,,,,
W0488,1 Train,Seat near door,,,,
W0489,1 Train,Doors,,,,
W0490,1 Train,Seat Rail,,,,
W0491,C - Spring St,Other,,,,
W0492,C - Spring St,Other,,,,
W0493,A/C/E - West 4 St,Stairwell Railing,,,,
W0494,A/C/E - West 4 St,Other,,,,
W0495,C - 23 St,Other,,,,
W0496,C - 23 St,Stairwell Railing,,,,
W0497,C - 50 St,Wooden Bench,,,,
W0498,C - 50 St,Stairwell Railing,,,,
W0499,C - 81 St ,Turnstile,,,,
W0500,C - 81 St ,Wooden Bench,,,,
W0501,C - 96 St,Stairwell Railing,,,,
W0502,C - 96 St ,Kiosk,,,,
W0503,C - 110 St,Wooden Bench,,,,
W0504,C - 110 St,Other,,,,
W0505,C - 125 St,Other,,,,
W0506,C - 125 St,Stairwell Railing,,,,
W0507,C - 145 St,Wooden Bench,,,,
W0508,C - 145 St,Other,,,,
W0509,C - 163 St,Other,,,,
W0510,C - 163 St,Wooden Bench,,,,
W0511,C Train,Doors,,,,
W0512,C Train,Ceiling Rail,,,,
W0513,C Train,Center seat,,,,
W0514,C Train,Seat near door,,,,
W0515,C Train,Pole,,,,
W0516,C Train,Seat Rail,,,,
W0517,C Train,Doors,,,,
W0518,C Train,Center seat,,,,
W0519,C Train,Seat Rail,,,,
W0520,C Train,Pole,,,,
W0521,B - 155 St,Other,,,,
W0522,B - 155 St,Stairwell Railing,,,,
W0523,B/D - 161 St Yankee Stadium,Stairwell Railing,,,,
W0524,B/D - 161 St Yankee Stadium,Steel Bench,,,,
W0525,B - 167 St ,Wooden Bench,,,,
W0526,B - 167 St,Other,,,,
W0527,B - 170 St ,Turnstile,,,,
W0528,B - 170 St ,Other,,,,
W0529,B - 174/175 St,Other,,,,
W0530,B - 174/175 St,Other,,,,
W0531,B/D - Tremont Ave,Turnstile,,,,
W0532,B/D - Tremont Ave,Other,,,,
W0533,B - 182/183 St,Other,,,,
W0534,B - 182/183 St,Other,,,,
W0535,B/D - Fordham Rd,Other,,,,
W0536,B/D - Fordham Rd,Other,,,,
W0537,B - Kingsbridge Rd,Other,,,,
W0538,B - Kingsbridge Rd,Other,,,,
W0539,B/D - Beford Park Blvd,Other,,,,
W0540,B/D - Beford Park Blvd,Other,,,,
W0541,B/D Train,Other,,,,
W0542,B/D Train,Other,,,,
W0543,B/D Train,Other,,,,
W0544,B/D Train,Other,,,,
W0545,B/D Train,Other,,,,
W0546,B/D Train,Other,,,,
W0547,B/D Train,Other,,,,
W0548,B/D Train,Other,,,,
W0549,B/D Train,Other,,,,
W0550,B/D Train,Other,,,,
W0551,4 - 167 St,Stairwell Railing,,,,
W0552,4 - 167 St,Wooden Bench,,,,
W0553,4 - 176 St,Other,,,,
W0554,4 - 176 St,Other,,,,
W0555,4 - Mt Eden Ave,Stairwell Railing,,,,
W0556,4 - Mt Eden Ave,Wooden Bench,,,,
W0557,4 - Burnside Ave,Other,,,,
W0558,4 - Burnside Ave,Other,,,,
W0559,4 - 183 St,Other,,,,
W0560,4 - 183 St,Other,,,,
W0561,4 - Fordham St,Other,,,,
W0562,4 - Fordham St,Other,,,,
W0563,4 - Kingsbridge Rd,Kiosk,,,,
W0564,4 - Kingsbridge Rd,Wooden Bench,,,,
W0565,4 - Lehman College,Other,,,,
W0566,4 - Lehman College,Other,,,,
W0567,4 - Mosholu Pkwy,Turnstile,,,,
W0568,4 - Mosholu Pkwy,Stairwell Railing,,,,
W0569,4 - Woodlawn,Wooden Bench,,,,
W0570,4 - Woodlawn,Kiosk,,,,
W0571,4 Train,Stairwell Railing,,,,
W0572,5 Train,Center seat,,,,
W0573,6 Train,Seat Rail,,,,
W0574,7 Train,Ceiling Rail,,,,
W0575,8 Train,Doors,,,,
W0576,9 Train,Seat near door,,,,
W0577,10 Train,,,,,
W0578,11 Train,Doors,,,,
W0579,12 Train,Pole,,,,
W0580,13 Train,,,,,
W0581,5 - 138 St,Wooden Bench,,,,
W0582,5 - 138 St,Other,,,,
W0583,5 - 3 Ave/149 St,Stairwell Railing,,,,
W0584,5 - 3 Ave/149 St,Other,,,,
W0585,5 - Jackson Ave,Other,,,,
W0586,5 - Jackson Ave,Turnstile,,,,
W0587,5 - Prospect Ave,,,,,
W0588,5 - Prospect Ave,Kiosk,,,,
W0589,5 - Intervale Ave,Wooden Bench,,,,
W0590,5 - Intervale Ave,Stairwell Railing,,,,
W0591,5 - Freeman St,Other,,,,
W0592,5 - Freeman St,Other,,,,
W0593,5 - West Farms Sq,Turnstile,,,,
W0594,5 - West Farms Sq,Kiosk,,,,
W0595,5 - Morris Park,Other,,,,
W0596,5 - Morris Park,Other,,,,
W0597,5 - Gun Hill Rd,Turnstile,,,,
W0598,5 - Gun Hill Rd,Other,,,,
W0599,5 - Eastchester-Dyre Ave,Stairwell Railing,,,,
W0600,5 - Eastchester-Dyre Ave,Other,,,,
W0601,5 Train,Center seat,,,,
W0602,5 Train,Pole,,,,
W0603,5 Train,Doors,,,,
W0604,5 Train,,,,,
W0605,5 Train,Seat near door,,,,
W0606,5 Train,Ceiling Rail,,,,
W0607,5 Train,Doors,,,,
W0608,5 Train,Pole,,,,
W0609,5 Train,Ceiling Rail,,,,
W0610,5 Train,Ceiling Rail,,,,
W0611,6 - 3 Ave/138 St,Ceiling Rail,,,,
W0612,6 - 3 Ave/138 St,Ceiling Rail,,,,
W0613,6 - Brook Ave,Ceiling Rail,,,,
W0614,6 - Brook Ave,Ceiling Rail,,,,
W0615,6 - Cypress Ave,Ceiling Rail,,,,
W0616,6 - Cypress Ave,Ceiling Rail,,,,
W0617,6 - East 149 St,Ceiling Rail,,,,
W0618,6 - East 149 St,Ceiling Rail,,,,
W0619,6 - Hunts Point Ave,Ceiling Rail,,,,
W0620,6 - Hunts Point Ave,Ceiling Rail,,,,
W0621,6 - Elder Ave,Ceiling Rail,,,,
W0622,6 - Elder Ave,Ceiling Rail,,,,
W0623,6 - Saint Lawrence Ave,Ceiling Rail,,,,
W0624,6 - Saint Lawrence Ave,Ceiling Rail,,,,
W0625,6 - Zerega Ave,Ceiling Rail,,,,
W0626,6 - Zerega Ave,Ceiling Rail,,,,
W0627,6 - Buhre Ave,Ceiling Rail,,,,
W0628,6 - Buhre Ave,Ceiling Rail,,,,
W0629,6 - Pelham Bay Park,Ceiling Rail,,,,
W0630,6 - Pelham Bay Park,Ceiling Rail,,,,
W0631,6 Train,Ceiling Rail,,,,
W0632,6 Train,Ceiling Rail,,,,
W0633,6 Train,Ceiling Rail,,,,
W0634,6 Train,Ceiling Rail,,,,
W0635,6 Train,Ceiling Rail,,,,
W0636,6 Train,Ceiling Rail,,,,
W0637,6 Train,Ceiling Rail,,,,
W0638,6 Train,Ceiling Rail,,,,
W0639,6 Train,Ceiling Rail,,,,
W0640,6 Train,Ceiling Rail,,,,
W0641,,Ceiling Rail,,,,
W0642,,,,,,
W0643,,,,,,
W0644,,,,,,
W0645,,,,,,
W0646,,,,,,
W0647,,,,,,
W0648,,,,,,
W0649,,,,,,
W0650,,,,,,
W0651,,,,,,
W0652,,,,,,
W0653,,,,,,
W0654,,,,,,
W0655,,,,,,
W0656,,,,,,
W0657,,,,,,
W0658,,,,,,
W0659,,,,,,
W0660,,,,,,
W0661,,,,,,
W0662,,,,,,
W0663,,,,,,
W0664,,,,,,
W0665,,,,,,
W0666,,,,,,
W0667,,,,,,
W0668,,,,,,
W0669,,,,,,
W0670,,,,,,
W0671,,,,,,
W0672,,,,,,
W0673,,,,,,
W0674,,,,,,
W0675,,,,,,
W0676,,,,,,
W0677,,,,,,
W0678,,,,,,
W0679,,,,,,
W0680,,,,,,
W0681,6 - Westchester Sq-East Tremont Ave,Other,,,,
W0682,6 - Westchester Sq-East Tremont Ave,Seat near door,,,,
W0683,6 - Parkchester ,Other,,,,
W0684,6 - Parkchester ,Pole,,,,
W0685,6 - Morrison-Sound View Ave,Other,,,,
W0686,6 - Morrison-Sound View Ave,Seat near door,,,,
W0687,6 - Whitlock Ave,Wooden Bench,,,,
W0688,6 - Whitlock Ave,Wooden Bench,,,,
W0689,6 - Longwood Ave ,Turnstile,,,,
W0690,6 - Longwood Ave ,Pole,,,,
W0691,6 - East 143 St/Saint Mary's St ,Other,,,,
W0692,6 - East 143 St/Saint Mary's St ,Ceiling Rail,,,,
W0693,6 - 116 St,Other,,,,
W0694,6 - 116 St,Seat near door,,,,
W0695,6 - 103 St,Stairwell Railing,,,,
W0696,6 - 103 St,,,,,
W0697,6 - 86 St ,Other,,,,
W0698,6 - 86 St ,Pole,,,,
W0699,6 - 68 St Hunter College,Wooden Bench,,,,
W0700,6 - 68 St Hunter College,Doors,,,,
W0701,6 Train,Doors,,,,
W0702,6 Train,Doors,,,,
W0703,6 Train,Doors,,,,
W0704,6 Train,Doors,,,,
W0705,6 Train,Doors,,,,
W0706,6 Train,Doors,,,,
W0707,6 Train,Doors,,,,
W0708,6 Train,Doors,,,,
W0709,6 Train,Doors,,,,
W0710,6 Train,Doors,,,,
W0711,6 - 77 St ,Doors,EA,2/17/14,Culture Experiment ,
W0712,E - 5th Ave and 53 St,Doors,EA,2/17/14,Culture Experiment ,
W0713,E - 42 St Times Square,Doors,EA,2/17/14,Culture Experiment ,
W0714,E - 42 St Times Square,Doors,EA,2/17/14,Culture Experiment ,
W0715,E - 34 St Penn Station,Doors,EA,2/17/14,Culture Experiment ,
W0716,E - 34 St Penn Station,Doors,EA,2/17/14,Culture Experiment ,
W0717,E - 23 St,Doors,EA,2/17/14,Culture Experiment ,
W0718,E - Spring St ,Doors,EA,2/17/14,Culture Experiment ,
W0719,2/5 - Simpson St ,Wooden Bench,,,,
W0720,2/5 - Simpson St ,Other,,,,
W0721,2/5 - 174 St,Kiosk,,,,
W0722,2/5 - 174 St,Other,,,,
W0723,2/5 - Bronx Park East ,Turnstile,,,,
W0724,2/5 - Bronx Park East ,Other,,,,
W0725,2/5 - Pelham Pkwy,Other,,,,
W0726,2/5 - Pelham Pkwy,Other,,,,
W0727,2/5 - Burke Ave ,Wooden Bench,,,,
W0728,2/5 - Burke Ave ,Other,,,,
W0729,2/5 - 219 St,Turnstile,,,,
W0730,2/5 - 219 St,Stairwell Railing,,,,
W0731,2/5 - 225 St,Wooden Bench,,,,
W0732,2/5 - 225 St,Other,,,,
W0733,2/5 - 233 St ,Turnstile,,,,
W0734,2/5 - 233 St ,Other,,,,
W0735,2/5 - Nereid St,Wooden Bench,,,,
W0736,2/5 - Nereid St,Stairwell Railing,,,,
W0737,2 -  Wakefield St ,Turnstile,,,,
W0738,2 - Wakefield St ,Kiosk,,,,
W0739,On 2 or 5 train,Doors,,,,
W0740,On 2 or 5 train,Seat near door,,,,
W0741,On 2 or 5 train,Seat near door,,,,
W0742,On 2 or 5 train,Ceiling Rail,,,,
W0743,On 2 or 5 train,Seat near door,,,,
W0744,On 2 or 5 train,Doors,,,,
W0745,On 2 or 5 train,Seat near door,,,,
W0746,On 2 or 5 train,Pole,,,,
W0747,On 2 or 5 train,Ceiling Rail,,,,
W0748,On 2 or 5 train,Pole,,,,
W0749,"2,5 - Newkirk Ave",Turnstile,,,,
W0750,"2,5 - Newkirk Ave",Wooden Bench,,,,
W0751,"2,5 - Church Ave",Other,,,,
W0752,"2,5 - Church Ave",Turnstile,,,,
W0753,"2,5 - Sterling St",Stairwell Railing,,,,
W0754,"2,5 - Sterling St",Turnstile,,,,
W0755,"2,3,4,5- Franklin Ave",Doors,,,,
W0756,"2,3,4,5- Franklin Ave",Other,,,,
W0757,3 - Nostrand Ave,Wooden Bench,,,,
W0758,3 - Nostrand Ave,Other,,,,
W0759,3 - Saratoga Ave,Other,,,,
W0760,3 - Saratoga Ave,Turnstile,,,,
W0761,3 - Junius St,Wooden Bench,,,,
W0762,3 - Junius St,Other,,,,
W0763,3 - Van Siclen Ave,Wooden Bench,,,,
W0764,3 - Van Siclen Ave,Stairwell Railing,,,,
W0765,"3,4 - Crown Hts Utica Ave",Stairwell Railing,,,,
W0766,"3,4 - Crown Hts Utica Ave",Other,,,,
W0767,"2,3 - Grand Army Plaza",Other,,,,
W0768,"2,3 - Grand Army Plaza",Other,,,,
W0769,"2,3,4,5 - Atlantic Ave Barclay Ctr",Stairwell Railing,,,,
W0770,"2,3,4,5 - Atlantic Ave Barclay Ctr",Other,,,,
W0771,"2,3 - Clark St ",Other,,,,
W0772,"2,3 - Clark St ",Wooden Bench,,,,
W0773,2 or 5 Train,Pole,,,,
W0774,2 or 5 Train,Seat near door,,,,
W0775,2 or 5 Train,Seat near door,,,,
W0776,2 or 5 Train,Seat Rail,,,,
W0777,2 or 5 Train,Doors,,,,
W0778,2 or 5 Train,Center seat,,,,
W0779,3 Train,Seat Rail,,,,
W0780,3 Train,Seat near door,,,,
W0781,3 Train,OtherDoors,,,,
W0782,3 Train,Seat near door,,,,
W0783,3 Train,Doors,,,,
W0784,3 Train,Center seat,,,,
W0785,B/Q - Brighton Beach,Other,,,,
W0786,B/Q - Brighton Beach,Other,,,,
W0787,Q - Neck Road,Stairwell Railing,,,,
W0788,Q - Neck Road,OtherDoors,,,,
W0789,B/Q - Kings Hwy ,Other,,,,
W0790,B/Q - Kings Hwy ,Other,,,,
W0791,Q - Avenue J,Kiosk,,,,
W0792,Q - Avenue J,Other,,,,
W0793,B/Q - Newkirk Plaza,Other,,,,
W0794,B/Q - Newkirk Plaza,Wooden Bench,,,,
W0795,Q - Beverley Road,Other,,,,
W0796,Q - Beverley Road,Other,,,,
W0797,Q - Parkside Ave,Other,,,,
W0798,Q - Parkside Ave,Other,,,,
W0799,Q - 7 Ave,Other,,,,
W0800,Q - 7 Ave,Wooden Bench,,,,
W0801,B or Q Train,Center seat,,,,
W0802,B or Q Train,Pole,,,,
W0803,B or Q Train,Doors,,,,
W0804,B or Q Train,Doors,,,,
W0805,Q Train,Seat near door,,,,
W0806,Q Train,Ceiling Rail,,,,
W0807,Q Train,Seat near door,,,,
W0808,Q Train,Pole,,,,
W0809,F - Neptune Ave,Turnstile,,,,
W0810,F - Neptune Ave,Turnstile,,,,
W0811,F - Avenue U,Wooden Bench,,,,
W0812,F - Avenue U,Other,,,,
W0813,F - Avenue P,Other,,,,
W0814,F - Avenue P,Other,,,,
W0815,F - Bay Parkway,Other,,,,
W0816,F - Bay Parkway,Other,,,,
W0817,F - 18 Ave,Stairwell Railing,,,,
W0818,F - 18 Ave,Other,,,,
W0819,F/G - Church Ave,Other,,,,
W0820,F/G - Church Ave,Wooden Bench,,,,
W0821,F/G - 15 St Prospect Park,Other,,,,
W0822,F/G - 15 St Prospect Park,Other,,,,
W0823,F/G - 4 Ave,Stairwell Railing,,,,
W0824,F/G - 4 Ave,Other,,,,
W0825,F/G - Carroll St,Other,,,,
W0826,F/G - Carroll St,Wooden Bench,,,,
W0827,F - York Ave,Other,,,,
W0828,F - York Ave,Other,,,,
W0829,Brooklyn College,,,,,
W0830,Brooklyn College,,,,,
W0831,Brooklyn College,,,,,
W0832,Brooklyn College,,,,,
W0833,Brooklyn College,,,,,
W0834,Brooklyn College,,,,,
W0835,Brooklyn College,,,,,
W0836,Brooklyn College,,,,,
W0837,Brooklyn College,,,,,
W0838,Brooklyn College,,,,,
W0839,D - 205 St ,Turnstile,,,,
W0840,D - 205 St ,Wooden Bench,,,,
W0841,B/D - 145 St,Turnstile,,,,
W0842,B/D - 145 St,Stairwell Railing,,,,
W0843,D - 7th Ave,Other,,,,
W0844,D - 7th Ave,Other,,,,
W0845,B/D - Rockefeller Center ,Turnstile,,,,
W0846,B/D - Rockefeller Center ,Other,,,,
W0847,B/D - 34 St/Herald Square,Turnstile,,,,
W0848,B/D - 34 St/Herald Square,Wooden Bench,,,,
W0849,B/D - Grand St,Stairwell Railing,,,,
W0850,B/D - Grand St ,Other,,,,
W0851,B/D - Broadway Lafayette St,Wooden Bench,,,,
W0852,B/D - Broadway Lafayette St,Stairwell Railing,,,,
W0853,6 - 28 St,Turnstile,,,,
W0854,6 - 28 St,Wooden Bench,,,,
W0855,6 - 33 St,Other,,,,
W0856,6 - 33 St ,Other,,,,
W0857,6 - 77 St ,Turnstile,,,,
W0858,6 - 77 St ,Other,,,,
W0859,B or D Train ,Ceiling Rail,,,,
W0860,B or D Train ,Pole,,,,
W0861,B or D Train ,Doors,,,,
W0862,B or D Train ,Seat near door,,,,
W0863,B or D Train ,Doors,,,,
W0864,B or D Train ,Pole,,,,
W0865,B or D Train ,Steel BenchCeiling Rail,,,,
W0866,6 Train,Pole,,,,
W0867,6 Train,Doors,,,,
W0868,A - Inwood-207 St,Other,,,,
W0869,A - Inwood-207 St,Stairwell Railing,,,,
W0870,A - Dyckman St,Wooden Bench,,,,
W0871,A - Dyckman St,Turnstile,,,,
W0872,A - 190 St,Wooden Bench,,,,
W0873,A - 190 St,Stairwell Railing,,,,
W0874,A - 181 St,Turnstile,,,,
W0875,A - 181 St,Other,,,,
W0876,A - 175 St,Turnstile,,,,
W0877,A - 175 St,Wooden Bench,,,,
W0878,A - Wash Hts 168 St,Other,,,,
W0879,A - Wash Hts 168 St,Other,,,,
W0880,C - 116 St ,Other,,,,
W0881,C - 116 St ,Turnstile,,,,
W0882,C - 103 St,Stairwell Railing,,,,
W0883,C - 103 St,Wooden Bench,,,,
W0884,C - 86 St ,Other,,,,
W0885,C - 86 St ,Wooden Bench,,,,
W0886,C - 72 St ,Stairwell Railing,,,,
W0887,C - 72 St ,Other,,,,
W0888,A Train,Center seat,,,,
W0889,A Train,Pole,,,,
W0890,A Train,Doors,,,,
W0891,A Train,Doors,,,,
W0892,A Train,Pole,,,,
W0893,A Train,Seat near door,,,,
W0894,C Train,Pole,,,,
W0895,C Train,Doors,,,,
W0896,C Train,Pole,,,,
W0897,C Train,Doors,,,,
W0898,1 - Van Cortlandt Park 242 St,Kiosk,,,,
W0899,1 - Van Cortlandt Park 242 St,Wooden Bench,,,,
W0900,1 - 238 St,Wooden Bench,,,,
W0901,1 - 238 St,Wooden Bench,,,,
W0902,1 - 231 St,Wooden Bench,,,,
W0903,1 - 231 St,Wooden Bench,,,,
W0904,1 - Marble Hill 225 St,Wooden Bench,,,,
W0905,1 - Marble Hill 225 St,Wooden Bench,,,,
W0906,1 - 215 St,Wooden Bench,,,,
W0907,1 - 215 St,Wooden Bench,,,,
W0908,1 - 207 St,Wooden Bench,,,,
W0909,1 - 207 St,Wooden Bench,,,,
W0910,1 - Dyckman,Stairwell Railing,,,,
W0911,1 - Dyckman,Steel Bench,,,,
W0912,1 - 191 St,Turnstile,,,,
W0913,1 - 191 St,Wooden Bench,,,,
W0914,1 - 181 St,Other,,,,
W0915,1 - 181 St,Stairwell Railing,,,,
W0916,1 - 157 St,Wooden Bench,,,,
W0917,1 - 157 St,Other,,,,
W0918,1 Train,Pole,,,,
W0919,1 Train,Seat near door,,,,
W0920,1 Train,Doors,,,,
W0921,1 Train,Doors,,,,
W0922,1 Train,Ceiling Rail,,,,
W0923,1 Train,Seat near door,,,,
W0924,1 Train,Pole,,,,
W0925,1 Train,Pole,,,,
W0926,1 Train,Doors,,,,
W0927,1 Train,Seat near door,,,,
W0928,68 St Hunter College ,Seat near door,EA,3/26/14,Culture Experiment ,
W0929,68 St Hunter College ,Seat near door,EA,3/26/14,Culture Experiment ,
W0930,77 st ,Seat near door,EA,3/26/14,Culture Experiment ,
W0931,77 st ,Seat near door,EA,3/26/14,Culture Experiment ,
W0932,Grand Central 42 St,Seat near door,EA,3/26/14,Culture Experiment ,
W0933,Grand Central 42 St,Seat near door,EA,3/26/14,Culture Experiment ,
W0934,Grand Central 42 St,Seat near door,EA,3/26/14,Culture Experiment ,
W0935,Grand Central 42 St,Seat near door,EA,3/26/14,Culture Experiment ,
W0936,Times Square 42 St,Seat near door,EA,3/26/14,Culture Experiment ,
W0937,Times Square 42 St,Seat near door,EA,3/26/14,Culture Experiment ,
W0938,Times Square 42 St,Seat near door,EA,3/26/14,Culture Experiment ,
W0939,Times Square 42 St ,Seat near door,EA,3/26/14,Culture Experiment ,
W0940,50 St/8 Ave,Seat near door,EA,3/26/14,Culture Experiment ,
W0941,50 St/8 Ave,Seat near door,EA,3/26/14,Culture Experiment ,
W0942,5 Ave/53 St,Seat near door,EA,3/26/14,Culture Experiment ,
W0943,5 Ave/53 St,Seat near door,EA,3/26/14,Culture Experiment ,