CSD16-FAI-0145,CSD16-FAI-0145
CSD16-FAI-0147,CSD16-FAI-0147
CSD16-FAI-0149,CSD16-FAI-0149
CSD16-FAI-0151,CSD16-FAI-0151
CSD16-FAI-0154,CSD16-FAI-0154
CSD16-FAI-0157,CSD16-FAI-0157
CSD16-FAI-0172,CSD16-FAI-0172
CSD16-FAI-0173,CSD16-FAI-0173
CSD16-FAI-0705B,CSD16-FAI-0705B
CSD16-FAI-0708A,CSD16-FAI-0708A
CSD16-NYC-0902,CSD16-NYC-0902
CSD16-NYC-0906,CSD16-NYC-0906
CSD16-NYC-0907,CSD16-NYC-0907
CSD16-NYC-0912,CSD16-NYC-0912
CSD16-NYC-0913,CSD16-NYC-0913
CSD16-NYC-0914,CSD16-NYC-0914
CSD16-NYC-0920,CSD16-NYC-0920
CSD16-NYC-0923,CSD16-NYC-0923
CSD16-NYC-0924,CSD16-NYC-0924
CSD16-NYC-0926,CSD16-NYC-0926
CSD16-NYC-0929,CSD16-NYC-0929
CSD16-NYC-0931,CSD16-NYC-0931
CSD16-NYC-0934,CSD16-NYC-0934
CSD16-NYC-0935,CSD16-NYC-0935
CSD16-NYC-0936,CSD16-NYC-0936
CSD16-NYC-0939,CSD16-NYC-0939
CSD16-NYC-0948,CSD16-NYC-0948
CSD16-NYC-1010,CSD16-NYC-1010
CSD16-NYC-1011,CSD16-NYC-1011
CSD16-NYC-1017,CSD16-NYC-1017
CSD16-NYC-1018,CSD16-NYC-1018
CSD16-NYC-1029,CSD16-NYC-1029
CSD16-NYC-1034,CSD16-NYC-1034
CSD16-NYC-1039,CSD16-NYC-1039
CSD16-NYC-1056,CSD16-NYC-1056
CSD16-NYC-1063,CSD16-NYC-1063
CSD16-OFA-050,CSD16-OFA-050
CSD16-OFA-051,CSD16-OFA-051
CSD16-OFA-052,CSD16-OFA-052
CSD16-OFA-053,CSD16-OFA-053
CSD16-OFA-054,CSD16-OFA-054
CSD16-OFA-055,CSD16-OFA-055
CSD16-OFA-056,CSD16-OFA-056
CSD16-OFA-057,CSD16-OFA-057
CSD16-OFA-058,CSD16-OFA-058
CSD16-OFA-059,CSD16-OFA-059
CSD16-OFA-060,CSD16-OFA-060
CSD16-OFA-061,CSD16-OFA-061
CSD16-OFA-062,CSD16-OFA-062
CSD16-OFA-063,CSD16-OFA-063
CSD16-OFA-064,CSD16-OFA-064
CSD16-OFA-065,CSD16-OFA-065
CSD16-OFA-066,CSD16-OFA-066
CSD16-OFA-067,CSD16-OFA-067
CSD16-OFA-068,CSD16-OFA-068
CSD16-OFA-069,CSD16-OFA-069
CSD16-OFA-070,CSD16-OFA-070
CSD16-OFA-071,CSD16-OFA-071
CSD16-OFA-072,CSD16-OFA-072
CSD16-OFA-073,CSD16-OFA-073
CSD16-OFA-074,CSD16-OFA-074
CSD16-OFA-075,CSD16-OFA-075
OLY-CAV-1-D-102016,OLY-CAV-1-D-102016
OLY-CTR-1-D-080816,OLY-CTR-1-D-080816
OLY-CTR-1-D-102016,OLY-CTR-1-D-102016
OLY-CTR-2-D-080816,OLY-CTR-2-D-080816
OLY-CTR-2-D-102016,OLY-CTR-2-D-102016
OLY-CTR-3-D-080816,OLY-CTR-3-D-080816
OLY-CTR-3-D-102016,OLY-CTR-3-D-102016
OLY-DCT-1-D-080816,OLY-DCT-1-D-080816
OLY-DCT-2-D-080816,OLY-DCT-2-D-080816
OLY-DCT-2-D-102016,OLY-DCT-2-D-102016
OLY-DCT-3-D-080816,OLY-DCT-3-D-080816
OLY-GOS-1-D-080816,OLY-GOS-1-D-080816
OLY-GOS-1-D-102016,OLY-GOS-1-D-102016
OLY-GOS-2-D-080816,OLY-GOS-2-D-080816
OLY-GOS-2-D-102016,OLY-GOS-2-D-102016
OLY-GOS-3-D-080816,OLY-GOS-3-D-080816
OLY-GOS-3-D-102016,OLY-GOS-3-D-102016
OLY-MRC-1-D-080816,OLY-MRC-1-D-080816
OLY-MRC-1-D-102016,OLY-MRC-1-D-102016
OLY-MRC-2-D-080816,OLY-MRC-2-D-080816
OLY-MRC-2-D-102016,OLY-MRC-2-D-102016
OLY-MRC-3-D-080816,OLY-MRC-3-D-080816
OLY-MRC-3-D-102016,OLY-MRC-3-D-102016
OLY-SPN-1-D-080816,OLY-SPN-1-D-080816
OLY-SPN-1-D-102016,OLY-SPN-1-D-102016
OLY-SPN-2-D-080816,OLY-SPN-2-D-080816
OLY-SPN-2-D-102016,OLY-SPN-2-D-102016
OLY-SPN-3-D-080816,OLY-SPN-3-D-080816
OLY-SPN-3-D-102016,OLY-SPN-3-D-102016
OLY-VCV-1-D-080816,OLY-VCV-1-D-080816
OLY-VCV-1-D-102016,OLY-VCV-1-D-102016
OLY-VCV-2-D-080816,OLY-VCV-2-D-080816
OLY-VCV-2-D-102016,OLY-VCV-2-D-102016
OLY-VCV-3-D-102016,OLY-VCV-3-D-102016
PORTO_A17,PORTO_A17
PORTO_A18,PORTO_A18
PORTO_A19,PORTO_A19
PORTO_A21,PORTO_A21
PORTO_A22,PORTO_A22
PORTO_A23,PORTO_A23
PORTO_A24,PORTO_A24
PORTO_A25,PORTO_A25
PORTO_A26,PORTO_A26
PORTO_A27,PORTO_A27
PORTO_A28,PORTO_A28
PORTO_ANCONT,PORTO_ANCONT
PORTO_B01,PORTO_B01
PORTO_B02,PORTO_B02
PORTO_B03,PORTO_B03
PORTO_B04,PORTO_B04
PORTO_B05,PORTO_B05
PORTO_B06,PORTO_B06
PORTO_B07,PORTO_B07
PORTO_B08,PORTO_B08
PORTO_B09,PORTO_B09
PORTO_B10,PORTO_B10
PORTO_B11,PORTO_B11
PORTO_B12,PORTO_B12
PORTO_B13,PORTO_B13
PORTO_B14,PORTO_B14
PORTO_B15,PORTO_B15
PORTO_B16,PORTO_B16
PORTO_B17,PORTO_B17
PORTO_B18,PORTO_B18
PORTO_B19,PORTO_B19
PORTO_B20,PORTO_B20
PORTO_B21,PORTO_B21
PORTO_B22,PORTO_B22
PORTO_B23,PORTO_B23
PORTO_B24,PORTO_B24
PORTO_B25,PORTO_B25
PORTO_B26,PORTO_B26
PORTO_B27,PORTO_B27
PORTO_B28,PORTO_B28
PORTO_B29,PORTO_B29
PORTO_B30,PORTO_B30
PORTO_B31,PORTO_B31
PORTO_B32,PORTO_B32
PORTO_B33,PORTO_B33
PORTO_B34,PORTO_B34
PORTO_B36,PORTO_B36
PORTO_B37,PORTO_B37
PORTO_B38,PORTO_B38
PORTO_B39,PORTO_B39
PORTO_B40,PORTO_B40
PORTO_B41,PORTO_B41
PORTO_B42,PORTO_B42
PORTO_B43,PORTO_B43
PORTO_B44,PORTO_B44
PORTO_B45,PORTO_B45
PORTO_B46,PORTO_B46
PORTO_B47,PORTO_B47
PORTO_B48,PORTO_B48
PORTO_B50,PORTO_B50
PORTO_B51,PORTO_B51
PORTO_B52,PORTO_B52
PORTO_BNCONT,PORTO_BNCONT
PORTO_C01,PORTO_C01
PORTO_C02,PORTO_C02
PORTO_C03,PORTO_C03
PORTO_C04,PORTO_C04
PORTO_C05,PORTO_C05
PORTO_C07,PORTO_C07
PORTO_C08,PORTO_C08
PORTO_C09,PORTO_C09
PORTO_C10,PORTO_C10
PORTO_C11,PORTO_C11
PORTO_C12,PORTO_C12
PORTO_C13,PORTO_C13
PORTO_C14,PORTO_C14
PORTO_C15,PORTO_C15
PORTO_C16,PORTO_C16
PORTO_C17,PORTO_C17
PORTO_C18,PORTO_C18
PORTO_C19,PORTO_C19
PORTO_C20,PORTO_C20
PORTO_C21,PORTO_C21
PORTO_C22,PORTO_C22
PORTO_C23,PORTO_C23
PORTO_C24,PORTO_C24
PORTO_C25,PORTO_C25
PORTO_C26,PORTO_C26
PORTO_C27,PORTO_C27
PORTO_C28,PORTO_C28
PORTO_C29,PORTO_C29
PORTO_C30,PORTO_C30
PORTO_C31,PORTO_C31
PORTO_CNCONT,PORTO_CNCONT
PORTO_D01,PORTO_D01
PORTO_D02,PORTO_D02
4890-CEM-0384,nan
CSD16-AKL-002,CSD16-AKL-002
CSD16-AKL-003,CSD16-AKL-003
CSD16-AKL-006,CSD16-AKL-006
CSD16-AKL-007,CSD16-AKL-007
CSD16-AKL-008,CSD16-AKL-008
CSD16-AKL-012,CSD16-AKL-012
CSD16-AKL-014,CSD16-AKL-014
CSD16-AKL-026,CSD16-AKL-026
CSD16-AKL-040,CSD16-AKL-040
CSD16-AKL-046,CSD16-AKL-046
CSD16-AKL-050,CSD16-AKL-050
CSD16-AKL-053,CSD16-AKL-053
CSD16-AKL-054,CSD16-AKL-054
CSD16-AKL-060,CSD16-AKL-060
CSD16-AKL-NEG,CSD16-AKL-NEG
CSD16-HAM-001,CSD16-HAM-001
CSD16-HAM-006,CSD16-HAM-006
CSD16-HAM-008,CSD16-HAM-008
CSD16-HAM-012,CSD16-HAM-012
CSD16-HAM-015,CSD16-HAM-015
CSD16-HAM-016,CSD16-HAM-016
CSD16-HAM-020,CSD16-HAM-020
CSD16-HAM-026,CSD16-HAM-026
CSD16-HAM-038,CSD16-HAM-038
CSD16-HAM-039,CSD16-HAM-039
CSD16-HAM-043,CSD16-HAM-043
CSD16-HAM-050,CSD16-HAM-050
CSD16-HAM-052,CSD16-HAM-052
CSD16-HAM-057,CSD16-HAM-057
CSD16-HAM-058,CSD16-HAM-058
CSD16-HAM-060,CSD16-HAM-060
CSD16-NYC-0257,CSD16-NYC-0257
CSD16-NYC-0261,CSD16-NYC-0261
CSD16-NYC-0265,CSD16-NYC-0265
CSD16-NYC-0267,CSD16-NYC-0267
CSD16-NYC-0273,CSD16-NYC-0273
CSD16-NYC-0274,CSD16-NYC-0274
CSD16-NYC-0279,CSD16-NYC-0279
CSD16-NYC-0282,CSD16-NYC-0282
CSD16-NYC-0285,CSD16-NYC-0285
CSD16-NYC-0293,CSD16-NYC-0293
CSD16-NYC-0296,CSD16-NYC-0296
CSD16-NYC-0302,CSD16-NYC-0302
CSD16-NYC-0304,CSD16-NYC-0304
CSD16-NYC-0308,CSD16-NYC-0308
CSD16-NYC-0309,CSD16-NYC-0309
CSD16-NYC-0313,CSD16-NYC-0313
CSD16-SAC-001,CSD16-SAC-001
CSD16-SAC-007,CSD16-SAC-007
CSD16-SAC-020,CSD16-SAC-020
CSD16-SAC-033,CSD16-SAC-033
CSD16-SAC-034,CSD16-SAC-034
CSD16-SAC-046,CSD16-SAC-046
CSD16-SAC-064,CSD16-SAC-064
CSD16-SAC-072,CSD16-SAC-072
CSD16-SAC-075,CSD16-SAC-075
CSD16-SAC-085,CSD16-SAC-085
CSD16-SAC-086,CSD16-SAC-086
CSD16-SAC-088,CSD16-SAC-088
CSD16-SAC-089,CSD16-SAC-089
CSD16-SAC-096,CSD16-SAC-096
CSD16-SAC-104,CSD16-SAC-104
CSD16-SAC-111,CSD16-SAC-111
CSD16-SCL-007,CSD16-SCL-007
CSD16-SCL-048,CSD16-SCL-048
CSD16-SCL-049,CSD16-SCL-049
CSD16-SCL-050,CSD16-SCL-050
CSD16-SCL-057,CSD16-SCL-057
CSD16-SCL-087,CSD16-SCL-087
CSD16-SCL-091,CSD16-SCL-091
CSD16-SCL-094,CSD16-SCL-094
CSD16-SCL-101,CSD16-SCL-101
CSD16-SCL-161,CSD16-SCL-161
CSD16-SCL-163,CSD16-SCL-163
CSD16-SCL-168,CSD16-SCL-168
CSD16-SCL-171,CSD16-SCL-171
CSD16-SCL-174,CSD16-SCL-174
CSD16-SCL-175,CSD16-SCL-175
PORTO_E01,PORTO_E01
PORTO_E02,PORTO_E02
PORTO_E03,PORTO_E03
PORTO_E04,PORTO_E04
PORTO_E05,PORTO_E05
PORTO_E06,PORTO_E06
PORTO_E07,PORTO_E07
PORTO_E08,PORTO_E08
PORTO_E09,PORTO_E09
PORTO_E10,PORTO_E10
PORTO_E11,PORTO_E11
PORTO_E12,PORTO_E12
PORTO_E13,PORTO_E13
PORTO_E14,PORTO_E14
PORTO_E15,PORTO_E15
PORTO_E16,PORTO_E16
2_14_1,2_14_1
2_16_2,2_16_2
2_21_1,2_21_1
2_21_3,2_21_3
2_22_2,2_22_2
2_27_1,2_27_1
2_27_2,2_27_2
2_28_3,2_28_3
5_2_1,5_2_1
5_2_2,5_2_2
5_3_3,5_3_3
5_4_1,5_4_1
5_4_2,5_4_2
5_5_2,5_5_2
5_6_1,5_6_1
5_6_2,5_6_2
5_6_3,5_6_3
5_7_2,5_7_2
5_8_3,5_8_3
5_9_1,5_9_1
5_9_2,5_9_2
8_10_2,8_10_2
8_11_1,8_11_1
8_1_1,8_1_1
8_11_2,8_11_2
8_1_2,8_1_2
8_12_3,8_12_3
8_2_2,8_2_2
8_3_3,8_3_3
8_4_2,8_4_2
8_5_3,8_5_3
8_6_3,8_6_3
8_7_1,8_7_1
8_7_2,8_7_2
8_8_1,8_8_1
8_8_3,8_8_3
8_9_1,8_9_1
8_9_3,8_9_3
CSD16-FAI-0187,CSD16-FAI-0187
CSD16-FAI-0188,CSD16-FAI-0188
CSD16-FAI-0189,CSD16-FAI-0189
CSD16-FAI-0190,CSD16-FAI-0190
CSD16-FAI-0195,CSD16-FAI-0195
CSD16-FAI-0206,CSD16-FAI-0206
CSD16-FAI-0209,CSD16-FAI-0209
CSD16-FAI-0210,CSD16-FAI-0210
CSD16-FAI-0211,CSD16-FAI-0211
CSD16-FAI-0212,CSD16-FAI-0212
CSD16-FAI-0221,CSD16-FAI-0221
CSD16-FAI-0222,CSD16-FAI-0222
CSD16-FAI-0357,CSD16-FAI-0357
CSD16-FAI-0368,CSD16-FAI-0368
CSD16-FAI-0374,CSD16-FAI-0374
CSD16-FAI-0381,CSD16-FAI-0381
CSD16-FAI-0405,CSD16-FAI-0405
CSD16-FAI-0607,CSD16-FAI-0607
CSD16-FAI-0608,CSD16-FAI-0608
CSD16-FAI-0609,CSD16-FAI-0609
CSD16-FAI-0610,CSD16-FAI-0610
CSD16-FAI-0619,CSD16-FAI-0619
CSD16-FAI-0621,CSD16-FAI-0621
CSD16-FAI-0622,CSD16-FAI-0622
CSD16-FAI-0630,CSD16-FAI-0630
CSD16-FAI-0632,CSD16-FAI-0632
CSD16-FAI-0633,CSD16-FAI-0633
CSD16-FAI-0634,CSD16-FAI-0634
CSD16-FAI-0635,CSD16-FAI-0635
CSD16-FAI-0643,CSD16-FAI-0643
CSD16-FAI-0644,CSD16-FAI-0644
CSD16-FAI-0645,CSD16-FAI-0645
CSD16-FAI-0706,CSD16-FAI-0706
CSD16-FAI-0718,CSD16-FAI-0718
CSD16-FAI-0719,CSD16-FAI-0719
CSD16-FAI-0720,CSD16-FAI-0720
CSD16-FAI-0721,CSD16-FAI-0721
CSD16-FAI-0722,CSD16-FAI-0722
CSD16-FAI-0723,CSD16-FAI-0723
CSD16-FAI-0728,CSD16-FAI-0728
CSD16-FAI-0729,CSD16-FAI-0729
CSD16-FAI-0730,CSD16-FAI-0730
CSD16-FAI-0731,CSD16-FAI-0731
CSD16-FAI-0732,CSD16-FAI-0732
CSD16-FAI-0733,CSD16-FAI-0733
CSD16-FAI-0738,CSD16-FAI-0738
CSD16-FAI-0739,CSD16-FAI-0739
CSD16-FAI-0740,CSD16-FAI-0740
CSD16-FAI-0741,CSD16-FAI-0741
CSD16-FAI-0742,CSD16-FAI-0742
CSD16-FAI-0743,CSD16-FAI-0743
CSD16-FAI-0748,CSD16-FAI-0748
CSD16-FAI-0749,CSD16-FAI-0749
CSD16-FAI-0750,CSD16-FAI-0750
CSD16-FAI-0751,CSD16-FAI-0751
CSD16-FAI-0752,CSD16-FAI-0752
CSD16-FAI-0753,CSD16-FAI-0753
CSD16-FAI-0754,CSD16-FAI-0754
6_10_1,6_10_1
6_10_2,6_10_2
6_1_1,6_1_1
6_11_3,6_11_3
6_2_1,6_2_1
6_2_3,6_2_3
6_3_1,6_3_1
6_4_1,6_4_1
6_5_1,6_5_1
6_5_2,6_5_2
6_6_1,6_6_1
6_7_3,6_7_3
6_9_1,6_9_1
6_9_2,6_9_2
CSD16-BOG-012,CSD16-BOG-012
CSD16-BOG-013,CSD16-BOG-013
CSD16-BOG-014,CSD16-BOG-014
CSD16-BOG-015,CSD16-BOG-015
CSD16-BOG-016,CSD16-BOG-016
CSD16-BOG-017,CSD16-BOG-017
CSD16-BOG-018,CSD16-BOG-018
CSD16-BOG-019,CSD16-BOG-019
CSD16-BOG-020,CSD16-BOG-020
CSD16-BOG-033,CSD16-BOG-033
CSD16-BOG-034,CSD16-BOG-034
CSD16-BOG-038,CSD16-BOG-038
CSD16-BOG-039,CSD16-BOG-039
CSD16-BOG-091,CSD16-BOG-091
CSD16-BOG-093,CSD16-BOG-093
CSD16-BOG-NEGATIVE,CSD16-BOG-NEGATIVE
CSD16-ILR-025,CSD16-ILR-025
CSD16-ILR-026,CSD16-ILR-026
CSD16-ILR-027,CSD16-ILR-027
CSD16-ILR-029,CSD16-ILR-029
CSD16-ILR-030,CSD16-ILR-030
CSD16-ILR-031,CSD16-ILR-031
CSD16-ILR-032,CSD16-ILR-032
CSD16-ILR-033,CSD16-ILR-033
CSD16-ILR-034,CSD16-ILR-034
CSD16-ILR-035,CSD16-ILR-035
CSD16-ILR-036,CSD16-ILR-036
CSD16-ILR-037,CSD16-ILR-037
CSD16-ILR-041,CSD16-ILR-041
CSD16-ILR-043,CSD16-ILR-043
CSD16-ILR-044,CSD16-ILR-044
CSD16-ILR-045,CSD16-ILR-045
CSD16-ILR-048,CSD16-ILR-048
CSD16-SCL-149,CSD16-SCL-149
CSD16-SCL-150,CSD16-SCL-150
CSD16-SCL-151,CSD16-SCL-151
CSD16-SCL-157,CSD16-SCL-157
CSD16-SCL-176,CSD16-SCL-176
CSD16-SCL-179,CSD16-SCL-179
CSD16-SCL-181,CSD16-SCL-181
CSD16-SCL-184,CSD16-SCL-184
CSD16-SCL-186,CSD16-SCL-186
CSD16-SCL-188,CSD16-SCL-188
CSD16-TOK-002,CSD16-TOK-002
CSD16-TOK-003,CSD16-TOK-003
CSD16-TOK-013,CSD16-TOK-013
CSD16-TOK-014,CSD16-TOK-014
CSD16-TOK-015,CSD16-TOK-015
CSD16-TOK-019,CSD16-TOK-019
CSD16-TOK-021,CSD16-TOK-021
CSD16-TOK-025,CSD16-TOK-025
CSD16-TOK-026,CSD16-TOK-026
CSD16-TOK-027,CSD16-TOK-027
CSD16-TOK-034,CSD16-TOK-034
CSD16-TOK-038,CSD16-TOK-038
CSD16-TOK-039,CSD16-TOK-039
CSD16-TOK-040,CSD16-TOK-040
CSD16-TOK-041,CSD16-TOK-041
CSD16-TOK-043,CSD16-TOK-043
CSD16-TOK-045,CSD16-TOK-045
CSD16-TOK-046,CSD16-TOK-046
CSD16-TOK-050,CSD16-TOK-050
CSD16-TOK-051,CSD16-TOK-051
CSD16-TOK-052,CSD16-TOK-052
CSD16-TOK-053,CSD16-TOK-053
CSD16-TOK-054,CSD16-TOK-054
CSD16-TOK-055,CSD16-TOK-055
5106-CEM-0413,nan
5106-CEM-0414,nan
5106-CEM-0415,nan
5106-CEM-0416,nan
5106-CEM-0417,nan
5106-CEM-0418,nan
5106-CEM-0419,nan
5106-CEM-0420,nan
5106-CEM-0421,nan
5106-CEM-0422,nan
5106-CEM-0423,nan
5106-CEM-0424,nan
5106-CEM-0425,nan
5106-CEM-0426,nan
5106-CEM-0427,nan
5106-CEM-0428,nan
5106-CEM-0429,nan
5106-CEM-0430,nan
5106-CEM-0431,nan
5106-CEM-0432,nan
5106-CEM-0433,nan
5106-CEM-0434,nan
5106-CEM-0435,nan
5106-CEM-0436,nan
5106-CEM-0437,nan
5106-CEM-0438,nan
5106-CEM-0439,nan
5106-CEM-0440,nan
5106-CEM-0441,nan
5106-CEM-0442,nan
5106-CEM-0443,nan
5106-CEM-0444,nan
5106-CEM-0445,nan
5106-CEM-0446,nan
5106-CEM-0447,nan
5106-CEM-0448,nan
5106-CEM-0449,nan
5106-CEM-0450,nan
5106-CEM-0451,nan
5106-CEM-0452,nan
5106-CEM-0453,nan
5106-CEM-0454,nan
5106-CEM-0455,nan
5106-CEM-0456,nan
5106-CEM-0457,nan
5106-CEM-0458,nan
5106-CEM-0459,nan
5106-CEM-0460,nan
5106-CEM-0461,nan
5106-CEM-0462,nan
5106-CEM-0463,nan
5106-CEM-0464,nan
5106-CEM-0465,nan
5106-CEM-0466,nan
5106-CEM-0467,nan
5106-CEM-0468,nan
5106-CEM-0469,nan
5106-CEM-0470,nan
5106-CEM-0471,nan
5106-CEM-0472,nan
5106-CEM-0473,nan
5106-CEM-0474,nan
5106-CEM-0475,nan
5106-CEM-0476,nan
5106-CEM-0477,nan
5106-CEM-0478,nan
5106-CEM-0479,nan
5106-CEM-0480,nan
5106-CEM-0481,nan
5106-CEM-0482,nan
5106-CEM-0483,nan
5106-CEM-0484,nan
5106-CEM-0485,nan
5106-CEM-0486,nan
5106-CEM-0487,nan
5106-CEM-0488,nan
5106-CEM-0489,nan
5106-CEM-0490,nan
5106-CEM-0491,nan
5106-CEM-0492,nan
5106-CEM-0493,nan
5106-CEM-0494,nan
5106-CEM-0495,nan
5106-CEM-0496,nan
5106-CEM-0497,nan
5106-CEM-0498,nan
5106-CEM-0499,nan
5106-CEM-0500,nan
5106-CEM-0501,nan
5106-CEM-0502,nan
5106-CEM-0503,nan
5106-CEM-0504,nan
5106-CEM-0505,nan
5106-CEM-0506,nan
5106-CEM-0507,nan
5106-CEM-0508,nan
5106-CEM-0509,nan
5106-CEM-0510,nan
5106-CEM-0511,nan
5106-CEM-0512,nan
5106-CEM-0513,nan
5106-CEM-0514,nan
5106-CEM-0515,nan
5106-CEM-0516,nan
5106-CEM-0517,nan
5106-CEM-0518,nan
5106-CEM-0519,nan
5106-CEM-0520,nan
5106-CEM-0521,nan
5106-CEM-0522,nan
5106-CEM-0523,nan
5106-CEM-0524,nan
5106-CEM-0525,nan
5106-CEM-0526,nan
5106-CEM-0527,nan
5106-CEM-0528,nan
5106-CEM-0529,nan
5106-CEM-0530,nan
5106-CEM-0531,nan
5106-CEM-0532,nan
5106-CEM-0533,nan
5106-CEM-0534,nan
5106-CEM-0535,nan
5106-CEM-0536,nan
5106-CEM-0537,nan
5106-CEM-0538,nan
5106-CEM-0539,nan
5106-CEM-0540,nan
5106-CEM-0541,nan
5106-CEM-0542,nan
5106-CEM-0543,nan
5106-CEM-0544,nan
5106-CEM-0545,nan
5106-CEM-0546,nan
5106-CEM-0547,nan
5106-CEM-0548,nan
5106-CEM-0549,nan
5106-CEM-0550,nan
5106-CEM-0551,nan
5106-CEM-0552,nan
5106-CEM-0553,nan
5106-CEM-0554,nan
5106-CEM-0555,nan
5106-CEM-0556,nan
5106-CEM-0557,nan
5106-CEM-0558,nan
5106-CEM-0559,nan
5106-CEM-0560,nan
5106-CEM-0561,nan
5106-CEM-0562,nan
5106-CEM-0563,nan
5106-CEM-0564,nan
5106-CEM-0565,nan
5106-CEM-0566,nan
5106-CEM-0567,nan
5106-CEM-0568,nan
5106-CEM-0569,nan
5106-CEM-0570,nan
5106-CEM-0571,nan
5106-CEM-0572,nan
5106-CEM-0573,nan
5106-CEM-0574,nan
5106-CEM-0575,nan
5106-CEM-0576,nan
5106-CEM-0577,nan
5106-CEM-0578,nan
5106-CEM-0579,nan
5106-CEM-0580,nan
5106-CEM-0581,nan
5106-CEM-0582,nan
5106-CEM-0583,nan
5106-CEM-0584,nan
5106-CEM-0585,nan
5106-CEM-0586,nan
5106-CEM-0587,nan
5106-CEM-0588,nan
5106-CEM-0589,nan
5106-CEM-0590,nan
5106-CEM-0591,nan
5106-CEM-0592,nan
5106-CEM-0593,nan
5106-CEM-0594,nan
5106-CEM-0595,nan
5106-CEM-0596,nan
5106-CEM-0597,nan
5106-CEM-0598,nan
5106-CEM-0599,nan
5106-CEM-0600,nan
5106-CEM-0601,nan
5106-CEM-0602,nan
5106-CEM-0603,nan
5106-CEM-0604,nan
5106-CEM-0605,nan
5106-CEM-0606,nan
5106-CEM-0607,nan
5106-CEM-0608,nan
5106-CEM-0609,nan
5106-CEM-0610,nan
5106-CEM-0611,nan
5106-CEM-0612,nan
5106-CEM-0613,nan
5106-CEM-0614,nan
5106-CEM-0615,nan
5106-CEM-0616,nan
5106-CEM-0617,nan
5106-CEM-0618,nan
5106-CEM-0619,nan
5106-CEM-0620,nan
5106-CEM-0621,nan
5106-CEM-0622,nan
5106-CEM-0623,nan
5106-CEM-0624,nan
5106-CEM-0625,nan
5106-CEM-0626,nan
5106-CEM-0627,nan
5106-CEM-0628,nan
5106-CEM-0629,nan
5106-CEM-0630,nan
5106-CEM-0631,nan
5106-CEM-0632,nan
5106-CEM-0633,nan
5106-CEM-0634,nan
5106-CEM-0635,nan
5106-CEM-0636,nan
5106-CEM-0637,nan
5106-CEM-0638,nan
5106-CEM-0639,nan
5106-CEM-0640,nan
5106-CEM-0641,nan
5106-CEM-0642,nan
5106-CEM-0643,nan
5106-CEM-0644,nan
5106-CEM-0645,nan
5106-CEM-0646,nan
5106-CEM-0647,nan
5106-CEM-0648,nan
5106-CEM-0649,nan
5106-CEM-0650,nan
5106-CEM-0651,nan
5106-CEM-0652,nan
5106-CEM-0653,nan
5106-CEM-0654,nan
5106-CEM-0655,nan
5106-CEM-0656,nan
5106-CEM-0657,nan
5106-CEM-0658,nan
5106-CEM-0659,nan
5106-CEM-0660,nan
5106-CEM-0661,nan
5106-CEM-0662,nan
5106-CEM-0663,nan
5106-CEM-0664,nan
5106-CEM-0665,nan
5106-CEM-0666,nan
5106-CEM-0667,nan
5106-CEM-0668,nan
5106-CEM-0669,nan
5106-CEM-0670,nan
5106-CEM-0671,nan
5106-CEM-0672,nan
5106-CEM-0673,nan
5106-CEM-0674,nan
5106-CEM-0675,nan
5106-CEM-0676,nan
5106-CEM-0677,nan
5106-CEM-0678,nan
5106-CEM-0679,nan
5106-CEM-0680,nan
5106-CEM-0681,nan
5106-CEM-0682,nan
5106-CEM-0683,nan
5106-CEM-0684,nan
5106-CEM-0685,nan
5106-CEM-0686,nan
5106-CEM-0687,nan
5106-CEM-0688,nan
5106-CEM-0689,nan
5106-CEM-0690,nan
5106-CEM-0691,nan
5106-CEM-0692,nan
5106-CEM-0693,nan
5106-CEM-0694,nan
5106-CEM-0695,nan
5106-CEM-0696,nan
5106-CEM-0697,nan
5106-CEM-0698,nan
5106-CEM-0699,nan
5106-CEM-0700,nan
5106-CEM-0701,nan
5106-CEM-0702,nan
5106-CEM-0703,nan
5106-CEM-0704,nan
5106-CEM-0705,nan
5106-CEM-0706,nan
5106-CEM-0707,nan
5106-CEM-0708,nan
5106-CEM-0709,nan
5106-CEM-0710,nan
5106-CEM-0711,nan
5106-CEM-0712,nan
5106-CEM-0713,nan
5106-CEM-0714,nan
5106-CEM-0715,nan
5106-CEM-0716,nan
5106-CEM-0717,nan
5106-CEM-0718,nan
5106-CEM-0719,nan
5106-CEM-0720,nan
5106-CEM-0721,nan
5106-CEM-0722,nan
5106-CEM-0723,nan
5106-CEM-0724,nan
5106-CEM-0725,nan
5106-CEM-0726,nan
5106-CEM-0727,nan
5106-CEM-0728,nan
5106-CEM-0729,nan
5106-CEM-0730,nan
5106-CEM-0731,nan
5106-CEM-0732,nan
5106-CEM-0733,nan
5106-CEM-0734,nan
5106-CEM-0735,nan
5106-CEM-0736,nan
5106-CEM-0737,nan
5106-CEM-0738,nan
5106-CEM-0739,nan
5106-CEM-0740,nan
5106-CEM-0741,nan
5106-CEM-0742,nan
5106-CEM-0743,nan
5106-CEM-0744,nan
5106-CEM-0745,nan
5106-CEM-0746,nan
5106-CEM-0747,nan
5106-CEM-0748,nan
5106-CEM-0749,nan
5106-CEM-0750,nan
5106-CEM-0751,nan
5106-CEM-0752,nan
5106-CEM-0753,nan
5106-CEM-0754,nan
5106-CEM-0755,nan
5106-CEM-0756,nan
5106-CEM-0757,nan
5106-CEM-0758,nan
5106-CEM-0759,nan
5106-CEM-0760,nan
5106-CEM-0761,nan
5106-CEM-0762,nan
5106-CEM-0763,nan
5106-CEM-0764,nan
5106-CEM-0765,nan
5106-CEM-0766,nan
5106-CEM-0767,nan
5106-CEM-0768,nan
5106-CEM-0769,nan
5106-CEM-0770,nan
5106-CEM-0771,nan
5106-CEM-0772,nan
5106-CEM-0773,nan
5106-CEM-0774,nan
5106-CEM-0775,nan
5106-CEM-0776,nan
5106-CEM-0777,nan
5106-CEM-0778,nan
5106-CEM-0779,nan
5106-CEM-0780,nan
5106-CEM-0781,nan
5106-CEM-0782,nan
5106-CEM-0783,nan
5106-CEM-0784,nan
5106-CEM-0785,nan
5106-CEM-0786,nan
5106-CEM-0787,nan
5106-CEM-0788,nan
5106-CEM-0789,nan
5106-CEM-0790,nan
5106-CEM-0791,nan
5106-CEM-0792,nan
5106-CEM-0793,nan
5106-CEM-0794,nan
5106-CEM-0795,nan
5106-CEM-0796,nan
5106-CEM-0097,nan
5106-CEM-0098,nan
5106-CEM-0099,nan
5106-CEM-0100,nan
5106-CEM-0101,nan
5106-CEM-0102,nan
5106-CEM-0103,nan
5106-CEM-0104,nan
5106-CEM-0105,nan
5106-CEM-0106,nan
5106-CEM-0107,nan
5106-CEM-0108,nan
5106-CEM-0109,nan
5106-CEM-0110,nan
5106-CEM-0111,nan
5106-CEM-0112,nan
5106-CEM-0113,nan
5106-CEM-0114,nan
5106-CEM-0115,nan
5106-CEM-0116,nan
5106-CEM-0117,nan
5106-CEM-0118,nan
5106-CEM-0119,nan
5106-CEM-0120,nan
5106-CEM-0121,nan
5106-CEM-0122,nan
5106-CEM-0123,nan
5106-CEM-0124,nan
5106-CEM-0125,nan
5106-CEM-0126,nan
5106-CEM-0127,nan
5106-CEM-0128,nan
5106-CEM-0129,nan
5106-CEM-0130,nan
5106-CEM-0131,nan
5106-CEM-0132,nan
5106-CEM-0133,nan
5106-CEM-0134,nan
5106-CEM-0135,nan
5106-CEM-0136,nan
5106-CEM-0137,nan
5106-CEM-0138,nan
5106-CEM-0139,nan
5106-CEM-0140,nan
5106-CEM-0141,nan
5106-CEM-0142,nan
5106-CEM-0143,nan
5106-CEM-0144,nan
5106-CEM-0145,nan
5106-CEM-0146,nan
5106-CEM-0147,nan
5106-CEM-0148,nan
5106-CEM-0149,nan
5106-CEM-0150,nan
5106-CEM-0151,nan
5106-CEM-0152,nan
5106-CEM-0153,nan
5106-CEM-0154,nan
5106-CEM-0155,nan
5106-CEM-0156,nan
5106-CEM-0157,nan
5106-CEM-0158,nan
5106-CEM-0159,nan
5106-CEM-0160,nan
5106-CEM-0161,nan
5106-CEM-0162,nan
5106-CEM-0163,nan
5106-CEM-0164,nan
5106-CEM-0165,nan
5106-CEM-0166,nan
5106-CEM-0167,nan
5106-CEM-0168,nan
5106-CEM-0169,nan
5106-CEM-0170,nan
5106-CEM-0171,nan
5106-CEM-0172,nan
5106-CEM-0173,nan
5106-CEM-0174,nan
5106-CEM-0175,nan
5106-CEM-0176,nan
5106-CEM-0177,nan
5106-CEM-0178,nan
5106-CEM-0179,nan
5106-CEM-0180,nan
5106-CEM-0181,nan
5106-CEM-0182,nan
5106-CEM-0183,nan
5106-CEM-0184,nan
5106-CEM-0185,nan
5106-CEM-0186,nan
5106-CEM-0187,nan
5106-CEM-0188,nan
5106-CEM-0189,nan
5106-CEM-0190,nan
5106-CEM-0191,nan
5106-CEM-0192,nan
5106-CEM-0001,nan
5106-CEM-0002,nan
5106-CEM-0003,nan
5106-CEM-0004,nan
5106-CEM-0005,nan
5106-CEM-0006,nan
5106-CEM-0007,nan
5106-CEM-0008,nan
5106-CEM-0009,nan
5106-CEM-0010,nan
5106-CEM-0011,nan
5106-CEM-0012,nan
5106-CEM-0013,nan
5106-CEM-0014,nan
5106-CEM-0015,nan
5106-CEM-0016,nan
5106-CEM-0017,nan
5106-CEM-0018,nan
5106-CEM-0019,nan
5106-CEM-0020,nan
5106-CEM-0021,nan
5106-CEM-0022,nan
5106-CEM-0023,nan
5106-CEM-0024,nan
5106-CEM-0025,nan
5106-CEM-0026,nan
5106-CEM-0027,nan
5106-CEM-0028,nan
5106-CEM-0029,nan
5106-CEM-0030,nan
5106-CEM-0031,nan
5106-CEM-0032,nan
5106-CEM-0033,nan
5106-CEM-0034,nan
5106-CEM-0035,nan
5106-CEM-0036,nan
5106-CEM-0037,nan
5106-CEM-0038,nan
5106-CEM-0039,nan
5106-CEM-0040,nan
5106-CEM-0041,nan
5106-CEM-0042,nan
5106-CEM-0043,nan
5106-CEM-0044,nan
5106-CEM-0045,nan
5106-CEM-0046,nan
5106-CEM-0047,nan
5106-CEM-0048,nan
5106-CEM-0049,nan
5106-CEM-0050,nan
5106-CEM-0051,nan
5106-CEM-0052,nan
5106-CEM-0053,nan
5106-CEM-0054,nan
5106-CEM-0055,nan
5106-CEM-0056,nan
5106-CEM-0057,nan
5106-CEM-0058,nan
5106-CEM-0059,nan
5106-CEM-0060,nan
5106-CEM-0061,nan
5106-CEM-0062,nan
5106-CEM-0063,nan
5106-CEM-0064,nan
5106-CEM-0065,nan
5106-CEM-0066,nan
5106-CEM-0067,nan
5106-CEM-0068,nan
5106-CEM-0069,nan
5106-CEM-0070,nan
5106-CEM-0071,nan
5106-CEM-0072,nan
5106-CEM-0073,nan
5106-CEM-0074,nan
5106-CEM-0075,nan
5106-CEM-0076,nan
5106-CEM-0077,nan
5106-CEM-0078,nan
5106-CEM-0079,nan
5106-CEM-0080,nan
5106-CEM-0081,nan
5106-CEM-0082,nan
5106-CEM-0083,nan
5106-CEM-0084,nan
5106-CEM-0085,nan
5106-CEM-0086,nan
5106-CEM-0087,nan
5106-CEM-0088,nan
5106-CEM-0089,nan
5106-CEM-0090,nan
5106-CEM-0091,nan
5106-CEM-0092,nan
5106-CEM-0093,nan
5106-CEM-0094,nan
5106-CEM-0095,nan
5106-CEM-0096,nan
SL270903,nan
SL270904,nan
SL270905,nan
SL270906,nan
SL270907,nan
SL270908,nan
SL270909,nan
SL270910,nan
SL270911,nan
SL270912,nan
SL270913,nan
SL270914,nan
SL270915,nan
SL270916,nan
SL270917,nan
SL270918,nan
SL270919,nan
SL270920,nan
SL270921,nan
SL270922,nan
SL270923,nan
SL270924,nan
SL270925,nan
SL270926,nan
SL270927,nan
SL270928,nan
SL270929,nan
SL270930,nan
SL270931,nan
SL270932,nan
SL270933,nan
SL270934,nan
SL270935,nan
SL270936,nan
SL270937,nan
SL270938,nan
SL270939,nan
SL270940,nan
SL270941,nan
SL270942,nan
SL270943,nan
SL270944,nan
SL270945,nan
SL270946,nan
SL270947,nan
SL270948,nan
SL270949,nan
SL270950,nan
SL270951,nan
SL270952,nan
SL270953,nan
SL270954,nan
SL270955,nan
SL270956,nan
SL270957,nan
SL270958,nan
SL270959,nan
SL270960,nan
SL270961,nan
SL270962,nan
SL270963,nan
SL270964,nan
SL270965,nan
SL270966,nan
SL270967,nan
SL270968,nan
SL270969,nan
SL270970,nan
SL270971,nan
SL270972,nan
SL270973,nan
SL270974,nan
SL270975,nan
SL270976,nan
SL270977,nan
SL270978,nan
SL270979,nan
SL270980,nan
SL270981,nan
SL270982,nan
SL270983,nan
SL270984,nan
SL270985,nan
SL270986,nan
SL270987,nan
SL270988,nan
SL270989,nan
SL270990,nan
SL270991,nan
SL270992,nan
SL270993,nan
SL270994,nan
SL270995,nan
SL270996,nan
SL270997,nan
SL270998,nan
SL271095,nan
SL271096,nan
SL271097,nan
SL271098,nan
SL271099,nan
SL271100,nan
SL271101,nan
SL271102,nan
SL271103,nan
SL271104,nan
SL271105,nan
SL271106,nan
SL271107,nan
SL271108,nan
SL271109,nan
SL271110,nan
SL271111,nan
SL271112,nan
SL271113,nan
SL271114,nan
SL271115,nan
SL271116,nan
SL271117,nan
SL271118,nan
SL271119,nan
SL271120,nan
SL271121,nan
SL271122,nan
SL271123,nan
SL271124,nan
SL271125,nan
SL271126,nan
SL271127,nan
SL271128,nan
SL271129,nan
SL271130,nan
SL271131,nan
SL271132,nan
SL271133,nan
SL271134,nan
SL271135,nan
SL271136,nan
SL271137,nan
SL271138,nan
SL271139,nan
SL271140,nan
SL271141,nan
SL271142,nan
SL271143,nan
SL271144,nan
SL271145,nan
SL271146,nan
SL271147,nan
SL271148,nan
SL271149,nan
SL271150,nan
SL271151,nan
SL271152,nan
SL271153,nan
SL271154,nan
SL271155,nan
SL271156,nan
SL271157,nan
SL271158,nan
SL271159,nan
SL271160,nan
SL271161,nan
SL271162,nan
SL271163,nan
SL271164,nan
SL271165,nan
SL271166,nan
SL271167,nan
SL271168,nan
SL271169,nan
SL271170,nan
SL271171,nan
SL271172,nan
SL271173,nan
SL271174,nan
SL271175,nan
SL271176,nan
SL271177,nan
SL271178,nan
SL271179,nan
SL271180,nan
SL271181,nan
SL271182,nan
SL271183,nan
SL271184,nan
SL271185,nan
SL271186,nan
SL271187,nan
SL271188,nan
SL271189,nan
SL271190,nan
4959-DB-0001,nan
4959-DB-0002,nan
4959-DB-0003,nan
4959-DB-0004,nan
4959-DB-0005,nan
4959-DB-0006,nan
4959-DB-0007,nan
4959-DB-0008,nan
4959-DB-0009,nan
4959-DB-0010,nan
4959-DB-0011,nan
4959-DB-0012,nan
4959-DB-0013,nan
4959-DB-0014,nan
4959-DB-0015,nan
4959-DB-0016,nan
4959-DB-0017,nan
4959-DB-0018,nan
4959-DB-0019,nan
4959-DB-0020,nan
4959-DB-0021,nan
4959-DB-0022,nan
4959-DB-0023,nan
4959-DB-0024,nan
4959-DB-0025,nan
4959-DB-0026,nan
4959-DB-0027,nan
4959-DB-0028,nan
4959-DB-0029,nan
4959-DB-0030,nan
4959-DB-0031,nan
4959-DB-0032,nan
4959-DB-0033,nan
4959-DB-0034,nan
4959-DB-0035,nan
4959-DB-0036,nan
4959-DB-0037,nan
4959-DB-0038,nan
4959-DB-0039,nan
4959-DB-0040,nan
4959-DB-0041,nan
4959-DB-0042,nan
4959-DB-0043,nan
4959-DB-0044,nan
4959-DB-0045,nan
4959-DB-0046,nan
4959-DB-0047,nan
4959-DB-0048,nan
4959-DB-0049,nan
4959-DB-0050,nan
4959-DB-0051,nan
4959-DB-0052,nan
4959-DB-0053,nan
4959-DB-0054,nan
4959-DB-0055,nan
4959-DB-0056,nan
4959-DB-0057,nan
4959-DB-0058,nan
4959-DB-0059,nan
4959-DB-0060,nan
4959-DB-0061,nan
4959-DB-0062,nan
4959-DB-0063,nan
4959-DB-0064,nan
4959-DB-0065,nan
4959-DB-0066,nan
4959-DB-0067,nan
4959-DB-0068,nan
4959-DB-0069,nan
4959-DB-0070,nan
4959-DB-0071,nan
4959-DB-0072,nan
4959-DB-0073,nan
4959-DB-0074,nan
4959-DB-0075,nan
4959-DB-0076,nan
4959-DB-0077,nan
4959-DB-0078,nan
4959-DB-0079,nan
4959-DB-0080,nan
4959-DB-0081,nan
4959-DB-0082,nan
4959-DB-0083,nan
4959-DB-0084,nan
4959-DB-0085,nan
4959-DB-0086,nan
4959-DB-0087,nan
4959-DB-0088,nan
4959-DB-0089,nan
4959-DB-0090,nan
4959-DB-0091,nan
4959-DB-0092,nan
4959-DB-0093,nan
4959-DB-0094,nan
4959-DB-0095,nan
4959-DB-0096,nan
4959-DB-1249,nan
4959-DB-1250,nan
4959-DB-1251,nan
4959-DB-1252,nan
4959-DB-1253,nan
4959-DB-1254,nan
4959-DB-1255,nan
4959-DB-1256,nan
4959-DB-1257,nan
4959-DB-1258,nan
4959-DB-1259,nan
4959-DB-1260,nan
4959-DB-1261,nan
4959-DB-1262,nan
4959-DB-1263,nan
4959-DB-1264,nan
4959-DB-1265,nan
4959-DB-1266,nan
4959-DB-1267,nan
4959-DB-1268,nan
4959-DB-1269,nan
4959-DB-1270,nan
4959-DB-1271,nan
4959-DB-1272,nan
4959-DB-1273,nan
4959-DB-1274,nan
4959-DB-1275,nan
4959-DB-1276,nan
4959-DB-1277,nan
4959-DB-1278,nan
4959-DB-1279,nan
4959-DB-1280,nan
4959-DB-1281,nan
4959-DB-1282,nan
4959-DB-1283,nan
4959-DB-1284,nan
4959-DB-1285,nan
4959-DB-1286,nan
4959-DB-1287,nan
4959-DB-1288,nan
4959-DB-1289,nan
4959-DB-1290,nan
4959-DB-1291,nan
4959-DB-1292,nan
4959-DB-1293,nan
4959-DB-1294,nan
4959-DB-1295,nan
4959-DB-1296,nan
4959-DB-1297,nan
4959-DB-1298,nan
4959-DB-1299,nan
4959-DB-1300,nan
4959-DB-1301,nan
4959-DB-1302,nan
4959-DB-1303,nan
4959-DB-1304,nan
4959-DB-1305,nan
4959-DB-1306,nan
4959-DB-1307,nan
4959-DB-1308,nan
4959-DB-1309,nan
4959-DB-1310,nan
4959-DB-1311,nan
4959-DB-1312,nan
4959-DB-1313,nan
4959-DB-1314,nan
4959-DB-1315,nan
4959-DB-1316,nan
4959-DB-1317,nan
4959-DB-1318,nan
4959-DB_PC,nan
5080-CEM-0001,nan
5080-CEM-0002,nan
5080-CEM-0003,nan
5080-CEM-0004,nan
5080-CEM-0005,nan
5080-CEM-0006,nan
5080-CEM-0007,nan
5080-CEM-0008,nan
5080-CEM-0009,nan
5080-CEM-0010,nan
5080-CEM-0011,nan
5080-CEM-0012,nan
5080-CEM-0013,nan
5080-CEM-0014,nan
5080-CEM-0015,nan
5080-CEM-0016,nan
5080-CEM-0017,nan
5080-CEM-0018,nan
5080-CEM-0019,nan
5080-CEM-0020,nan
5080-CEM-0021,nan
5080-CEM-0022,nan
5080-CEM-0023,nan
5080-CEM-0024,nan
5080-CEM-0025,nan
5080-CEM-0026,nan
5080-CEM-0027,nan
5080-CEM-0028,nan
5080-CEM-0029,nan
5080-CEM-0030,nan
5080-CEM-0031,nan
5080-CEM-0032,nan
5080-CEM-0033,nan
5080-CEM-0034,nan
5080-CEM-0035,nan
5080-CEM-0036,nan
5080-CEM-0037,nan
5080-CEM-0038,nan
5080-CEM-0039,nan
5080-CEM-0040,nan
5080-CEM-0041,nan
5080-CEM-0042,nan
5080-CEM-0043,nan
5080-CEM-0044,nan
5080-CEM-0045,nan
5080-CEM-0046,nan
5080-CEM-0047,nan
5080-CEM-0048,nan
5080-CEM-0049,nan
5080-CEM-0050,nan
5080-CEM-0051,nan
5080-CEM-0052,nan
5080-CEM-0053,nan
5080-CEM-0054,nan
5080-CEM-0055,nan
5080-CEM-0056,nan
5080-CEM-0057,nan
5080-CEM-0058,nan
5080-CEM-0059,nan
5080-CEM-0060,nan
5080-CEM-0061,nan
5080-CEM-0062,nan
5080-CEM-0063,nan
5080-CEM-0064,nan
5080-CEM-0065,nan
5080-CEM-0066,nan
5080-CEM-0067,nan
5080-CEM-0068,nan
5080-CEM-0069,nan
5080-CEM-0070,nan
5080-CEM-0071,nan
5080-CEM-0072,nan
5080-CEM-0073,nan
5080-CEM-0074,nan
5080-CEM-0075,nan
5080-CEM-0076,nan
5080-CEM-0077,nan
5080-CEM-0078,nan
5080-CEM-0079,nan
5080-CEM-0080,nan
5080-CEM-0081,nan
5080-CEM-0082,nan
5080-CEM-0083,nan
SL310935,CSD17-HKG-AS1
SL310936,CSD17-HKG-AS2
SL310937,CSD17-HKG-AS3
SL310938,CSD17-HKG-AS4
SL310939,CSD17-HKG-AS5
SL310940,CSD17-HKG-AS6
SL310941,CSD17-HKG-AS7
SL310942,CSD17-HKG-AS8
SL310943,CSD17-HKG-AS9
SL310944,CSD17-HKG-AS10
SL310945,CSD17-HKG-AS11
SL310946,CSD17-HKG-AS12
SL310947,CSD17-HKG-AS13
SL310948,CSD17-HKG-AS14
SL310949,CSD17-HKG-AS15
SL310950,CSD17-HKG-AS16
SL310951,CSD17-HKG-AS17
SL310952,CSD17-HKG-AS18
SL310953,CSD17-HKG-AS19
SL310954,CSD17-HKG-AS20
SL310955,CSD17-HKG-AS21
SL310956,CSD17-HKG-AS22
SL310957,CSD17-HKG-AS23
SL310958,CSD17-HKG-AS24
SL310959,CSD17-HKG-AS25
SL310960,CSD17-HKG-AS26
SL310961,CSD17-HKG-AS27
SL310962,CSD17-HKG-AS28
SL310963,CSD17-HKG-AS29
SL310964,CSD17-HKG-AS30
SL310965,CSD17-HKG-AS31
SL310966,CSD17-HKG-AS32
SL310967,CSD17-HKG-AS33
SL310968,CSD17-HKG-AS34
SL310969,CSD17-HKG-AS35
SL310970,CSD17-HKG-AS36
SL310971,CSD17-HKG-AS37
SL310972,CSD17-HKG-AS38
SL310973,CSD17-HKG-AS39
SL310974,CSD17-HKG-AS40
SL310975,CSD17-HKG-AS41
SL310976,CSD17-HKG-AS42
SL310977,CSD17-HKG-AS43
SL310978,CSD17-HKG-AS44
SL310979,CSD17-HKG-AS45
SL310980,CSD17-HKG-AS46
SL310981,CSD17-HKG-AS47
SL310982,CSD17-HKG-AS48
SL310983,CSD17-HKG-AS49
SL310984,CSD17-HKG-AS50
SL310985,CSD17-HKG-AS51
SL310986,CSD17-HKG-AS52
SL310987,CSD17-HKG-AS53
SL310988,CSD17-HKG-AS54
SL310989,CSD17-HKG-AS55
SL310990,CSD17-HKG-AS56
SL310991,CSD17-HKG-AS57
SL310992,CSD17-HKG-AS58
SL310993,CSD17-HKG-AS59
SL310994,CSD17-HKG-AS60
SL310995,CSD17-HKG-AS61
SL310996,CSD17-HKG-AS62
SL310997,CSD17-HKG-AS63
SL310998,CSD17-HKG-AS64
SL310999,CSD17-HKG-AS65
SL311000,CSD17-HKG-AS66
SL311001,CSD17-HKG-AS67
SL311002,CSD17-HKG-AS68
SL311003,CSD17-HKG-AS69
SL311004,CSD17-HKG-AS70
SL311005,CSD17-HKG-AS71
SL311006,CSD17-HKG-AS72
SL311007,CSD17-HKG-AS73
SL311008,CSD17-HKG-AS74
SL311009,CSD17-HKG-AS75
SL311010,CSD17-HKG-AS76
SL311011,CSD17-HKG-AS77
SL311012,CSD17-HKG-AS78
SL311013,CSD17-HKG-AS79
SL311014,CSD17-HKG-AS80
SL311015,CSD17-OSL-AS1
SL311016,CSD17-OSL-AS2
SL311017,CSD17-OSL-AS3
SL311018,CSD17-OSL-AS4
SL311019,CSD17-OSL-AS5
SL311020,CSD17-OSL-AS6
SL311021,CSD17-OSL-AS7
SL311022,CSD17-OSL-AS8
SL311023,CSD17-OSL-AS9
SL311024,CSD17-OSL-AS10
SL311025,CSD17-OSL-AS11
SL311026,CSD17-OSL-AS12
SL311027,CSD17-OSL-AS13
SL311028,CSD17-OSL-AS14
SL311029,CSD17-OSL-AS15
SL311030,CSD17-OSL-AS16
