CSD16-FAI-0145	environmental_microbiome
CSD16-FAI-0147	environmental_microbiome
CSD16-FAI-0149	environmental_microbiome
CSD16-FAI-0151	environmental_microbiome
CSD16-FAI-0154	environmental_microbiome
CSD16-FAI-0157	environmental_microbiome
CSD16-FAI-0172	environmental_microbiome
CSD16-FAI-0173	environmental_microbiome
CSD16-FAI-0705B	environmental_microbiome
CSD16-FAI-0708A	environmental_microbiome
CSD16-NYC-0902	environmental_microbiome
CSD16-NYC-0906	environmental_microbiome
CSD16-NYC-0907	environmental_microbiome
CSD16-NYC-0912	environmental_microbiome
CSD16-NYC-0913	environmental_microbiome
CSD16-NYC-0914	environmental_microbiome
CSD16-NYC-0920	environmental_microbiome
CSD16-NYC-0923	environmental_microbiome
CSD16-NYC-0924	environmental_microbiome
CSD16-NYC-0926	environmental_microbiome
CSD16-NYC-0929	environmental_microbiome
CSD16-NYC-0931	environmental_microbiome
CSD16-NYC-0934	environmental_microbiome
CSD16-NYC-0935	environmental_microbiome
CSD16-NYC-0936	environmental_microbiome
CSD16-NYC-0939	environmental_microbiome
CSD16-NYC-0948	environmental_microbiome
CSD16-NYC-1010	environmental_microbiome
CSD16-NYC-1011	environmental_microbiome
CSD16-NYC-1017	environmental_microbiome
CSD16-NYC-1018	environmental_microbiome
CSD16-NYC-1029	environmental_microbiome
CSD16-NYC-1034	environmental_microbiome
CSD16-NYC-1039	environmental_microbiome
CSD16-NYC-1056	environmental_microbiome
CSD16-NYC-1063	environmental_microbiome
CSD16-OFA-050	environmental_microbiome
CSD16-OFA-051	environmental_microbiome
CSD16-OFA-052	environmental_microbiome
CSD16-OFA-053	environmental_microbiome
CSD16-OFA-054	environmental_microbiome
CSD16-OFA-055	environmental_microbiome
CSD16-OFA-056	environmental_microbiome
CSD16-OFA-057	environmental_microbiome
CSD16-OFA-058	environmental_microbiome
CSD16-OFA-059	environmental_microbiome
CSD16-OFA-060	environmental_microbiome
CSD16-OFA-061	environmental_microbiome
CSD16-OFA-062	environmental_microbiome
CSD16-OFA-063	environmental_microbiome
CSD16-OFA-064	environmental_microbiome
CSD16-OFA-065	environmental_microbiome
CSD16-OFA-066	environmental_microbiome
CSD16-OFA-067	environmental_microbiome
CSD16-OFA-068	environmental_microbiome
CSD16-OFA-069	environmental_microbiome
CSD16-OFA-070	environmental_microbiome
CSD16-OFA-071	environmental_microbiome
CSD16-OFA-072	environmental_microbiome
CSD16-OFA-073	environmental_microbiome
CSD16-OFA-074	environmental_microbiome
CSD16-OFA-075	environmental_microbiome
OLY-CAV-1-D-102016	environmental_microbiome
OLY-CTR-1-D-080816	environmental_microbiome
OLY-CTR-1-D-102016	environmental_microbiome
OLY-CTR-2-D-080816	environmental_microbiome
OLY-CTR-2-D-102016	environmental_microbiome
OLY-CTR-3-D-080816	environmental_microbiome
OLY-CTR-3-D-102016	environmental_microbiome
OLY-DCT-1-D-080816	environmental_microbiome
OLY-DCT-2-D-080816	environmental_microbiome
OLY-DCT-2-D-102016	environmental_microbiome
OLY-DCT-3-D-080816	environmental_microbiome
OLY-GOS-1-D-080816	environmental_microbiome
OLY-GOS-1-D-102016	environmental_microbiome
OLY-GOS-2-D-080816	environmental_microbiome
OLY-GOS-2-D-102016	environmental_microbiome
OLY-GOS-3-D-080816	environmental_microbiome
OLY-GOS-3-D-102016	environmental_microbiome
OLY-MRC-1-D-080816	environmental_microbiome
OLY-MRC-1-D-102016	environmental_microbiome
OLY-MRC-2-D-080816	environmental_microbiome
OLY-MRC-2-D-102016	environmental_microbiome
OLY-MRC-3-D-080816	environmental_microbiome
OLY-MRC-3-D-102016	environmental_microbiome
OLY-SPN-1-D-080816	environmental_microbiome
OLY-SPN-1-D-102016	environmental_microbiome
OLY-SPN-2-D-080816	environmental_microbiome
OLY-SPN-2-D-102016	environmental_microbiome
OLY-SPN-3-D-080816	environmental_microbiome
OLY-SPN-3-D-102016	environmental_microbiome
OLY-VCV-1-D-080816	environmental_microbiome
OLY-VCV-1-D-102016	environmental_microbiome
OLY-VCV-2-D-080816	environmental_microbiome
OLY-VCV-2-D-102016	environmental_microbiome
OLY-VCV-3-D-102016	environmental_microbiome
Porto_A17	environmental_microbiome
Porto_A18	environmental_microbiome
Porto_A19	environmental_microbiome
Porto_A21	environmental_microbiome
Porto_A22	environmental_microbiome
Porto_A23	environmental_microbiome
Porto_A24	environmental_microbiome
Porto_A25	environmental_microbiome
Porto_A26	environmental_microbiome
Porto_A27	environmental_microbiome
Porto_A28	environmental_microbiome
Porto_ANCont	environmental_microbiome
Porto_B01	environmental_microbiome
Porto_B02	environmental_microbiome
Porto_B03	environmental_microbiome
Porto_B04	environmental_microbiome
Porto_B05	environmental_microbiome
Porto_B06	environmental_microbiome
Porto_B07	environmental_microbiome
Porto_B08	environmental_microbiome
Porto_B09	environmental_microbiome
Porto_B10	environmental_microbiome
Porto_B11	environmental_microbiome
Porto_B12	environmental_microbiome
Porto_B13	environmental_microbiome
Porto_B14	environmental_microbiome
Porto_B15	environmental_microbiome
Porto_B16	environmental_microbiome
Porto_B17	environmental_microbiome
Porto_B18	environmental_microbiome
Porto_B19	environmental_microbiome
Porto_B20	environmental_microbiome
Porto_B21	environmental_microbiome
Porto_B22	environmental_microbiome
Porto_B23	environmental_microbiome
Porto_B24	environmental_microbiome
Porto_B25	environmental_microbiome
Porto_B26	environmental_microbiome
Porto_B27	environmental_microbiome
Porto_B28	environmental_microbiome
Porto_B29	environmental_microbiome
Porto_B30	environmental_microbiome
Porto_B31	environmental_microbiome
Porto_B32	environmental_microbiome
Porto_B33	environmental_microbiome
Porto_B34	environmental_microbiome
Porto_B36	environmental_microbiome
Porto_B37	environmental_microbiome
Porto_B38	environmental_microbiome
Porto_B39	environmental_microbiome
Porto_B40	environmental_microbiome
Porto_B41	environmental_microbiome
Porto_B42	environmental_microbiome
Porto_B43	environmental_microbiome
Porto_B44	environmental_microbiome
Porto_B45	environmental_microbiome
Porto_B46	environmental_microbiome
Porto_B47	environmental_microbiome
Porto_B48	environmental_microbiome
Porto_B50	environmental_microbiome
Porto_B51	environmental_microbiome
Porto_B52	environmental_microbiome
Porto_BNCont	environmental_microbiome
Porto_C01	environmental_microbiome
Porto_C02	environmental_microbiome
Porto_C03	environmental_microbiome
Porto_C04	environmental_microbiome
Porto_C05	environmental_microbiome
Porto_C07	environmental_microbiome
Porto_C08	environmental_microbiome
Porto_C09	environmental_microbiome
Porto_C10	environmental_microbiome
Porto_C11	environmental_microbiome
Porto_C12	environmental_microbiome
Porto_C13	environmental_microbiome
Porto_C14	environmental_microbiome
Porto_C15	environmental_microbiome
Porto_C16	environmental_microbiome
Porto_C17	environmental_microbiome
Porto_C18	environmental_microbiome
Porto_C19	environmental_microbiome
Porto_C20	environmental_microbiome
Porto_C21	environmental_microbiome
Porto_C22	environmental_microbiome
Porto_C23	environmental_microbiome
Porto_C24	environmental_microbiome
Porto_C25	environmental_microbiome
Porto_C26	environmental_microbiome
Porto_C27	environmental_microbiome
Porto_C28	environmental_microbiome
Porto_C29	environmental_microbiome
Porto_C30	environmental_microbiome
Porto_C31	environmental_microbiome
Porto_CNCont	environmental_microbiome
Porto_D01	environmental_microbiome
Porto_D02	environmental_microbiome
4890-CEM-0384	environmental_microbiome
CSD16-AKL-002	environmental_microbiome
CSD16-AKL-003	environmental_microbiome
CSD16-AKL-006	environmental_microbiome
CSD16-AKL-007	environmental_microbiome
CSD16-AKL-008	environmental_microbiome
CSD16-AKL-012	environmental_microbiome
CSD16-AKL-014	environmental_microbiome
CSD16-AKL-026	environmental_microbiome
CSD16-AKL-040	environmental_microbiome
CSD16-AKL-046	environmental_microbiome
CSD16-AKL-050	environmental_microbiome
CSD16-AKL-053	environmental_microbiome
CSD16-AKL-054	environmental_microbiome
CSD16-AKL-060	environmental_microbiome
CSD16-AKL-NEG	environmental_microbiome
CSD16-HAM-001	environmental_microbiome
CSD16-HAM-006	environmental_microbiome
CSD16-HAM-008	environmental_microbiome
CSD16-HAM-012	environmental_microbiome
CSD16-HAM-015	environmental_microbiome
CSD16-HAM-016	environmental_microbiome
CSD16-HAM-020	environmental_microbiome
CSD16-HAM-026	environmental_microbiome
CSD16-HAM-038	environmental_microbiome
CSD16-HAM-039	environmental_microbiome
CSD16-HAM-043	environmental_microbiome
CSD16-HAM-050	environmental_microbiome
CSD16-HAM-052	environmental_microbiome
CSD16-HAM-057	environmental_microbiome
CSD16-HAM-058	environmental_microbiome
CSD16-HAM-060	environmental_microbiome
CSD16-NYC-0257	environmental_microbiome
CSD16-NYC-0261	environmental_microbiome
CSD16-NYC-0265	environmental_microbiome
CSD16-NYC-0267	environmental_microbiome
CSD16-NYC-0273	environmental_microbiome
CSD16-NYC-0274	environmental_microbiome
CSD16-NYC-0279	environmental_microbiome
CSD16-NYC-0282	environmental_microbiome
CSD16-NYC-0285	environmental_microbiome
CSD16-NYC-0293	environmental_microbiome
CSD16-NYC-0296	environmental_microbiome
CSD16-NYC-0302	environmental_microbiome
CSD16-NYC-0304	environmental_microbiome
CSD16-NYC-0308	environmental_microbiome
CSD16-NYC-0309	environmental_microbiome
CSD16-NYC-0313	environmental_microbiome
CSD16-SAC-001	environmental_microbiome
CSD16-SAC-007	environmental_microbiome
CSD16-SAC-020	environmental_microbiome
CSD16-SAC-033	environmental_microbiome
CSD16-SAC-034	environmental_microbiome
CSD16-SAC-046	environmental_microbiome
CSD16-SAC-064	environmental_microbiome
CSD16-SAC-072	environmental_microbiome
CSD16-SAC-075	environmental_microbiome
CSD16-SAC-085	environmental_microbiome
CSD16-SAC-086	environmental_microbiome
CSD16-SAC-088	environmental_microbiome
CSD16-SAC-089	environmental_microbiome
CSD16-SAC-096	environmental_microbiome
CSD16-SAC-104	environmental_microbiome
CSD16-SAC-111	environmental_microbiome
CSD16-SCL-007	environmental_microbiome
CSD16-SCL-048	environmental_microbiome
CSD16-SCL-049	environmental_microbiome
CSD16-SCL-050	environmental_microbiome
CSD16-SCL-057	environmental_microbiome
CSD16-SCL-087	environmental_microbiome
CSD16-SCL-091	environmental_microbiome
CSD16-SCL-094	environmental_microbiome
CSD16-SCL-101	environmental_microbiome
CSD16-SCL-161	environmental_microbiome
CSD16-SCL-163	environmental_microbiome
CSD16-SCL-168	environmental_microbiome
CSD16-SCL-171	environmental_microbiome
CSD16-SCL-174	environmental_microbiome
CSD16-SCL-175	environmental_microbiome
Porto_E01	environmental_microbiome
Porto_E02	environmental_microbiome
Porto_E03	environmental_microbiome
Porto_E04	environmental_microbiome
Porto_E05	environmental_microbiome
Porto_E06	environmental_microbiome
Porto_E07	environmental_microbiome
Porto_E08	environmental_microbiome
Porto_E09	environmental_microbiome
Porto_E10	environmental_microbiome
Porto_E11	environmental_microbiome
Porto_E12	environmental_microbiome
Porto_E13	environmental_microbiome
Porto_E14	environmental_microbiome
Porto_E15	environmental_microbiome
Porto_E16	environmental_microbiome
2_14_1	environmental_microbiome
2_16_2	environmental_microbiome
2_21_1	environmental_microbiome
2_21_3	environmental_microbiome
2_22_2	environmental_microbiome
2_27_1	environmental_microbiome
2_27_2	environmental_microbiome
2_28_3	environmental_microbiome
5_2_1	environmental_microbiome
5_2_2	environmental_microbiome
5_3_3	environmental_microbiome
5_4_1	environmental_microbiome
5_4_2	environmental_microbiome
5_5_2	environmental_microbiome
5_6_1	environmental_microbiome
5_6_2	environmental_microbiome
5_6_3	environmental_microbiome
5_7_2	environmental_microbiome
5_8_3	environmental_microbiome
5_9_1	environmental_microbiome
5_9_2	environmental_microbiome
8_10_2	environmental_microbiome
8_11_1	environmental_microbiome
8_1_1	environmental_microbiome
8_11_2	environmental_microbiome
8_1_2	environmental_microbiome
8_12_3	environmental_microbiome
8_2_2	environmental_microbiome
8_3_3	environmental_microbiome
8_4_2	environmental_microbiome
8_5_3	environmental_microbiome
8_6_3	environmental_microbiome
8_7_1	environmental_microbiome
8_7_2	environmental_microbiome
8_8_1	environmental_microbiome
8_8_3	environmental_microbiome
8_9_1	environmental_microbiome
8_9_3	environmental_microbiome
CSD16-FAI-0187	environmental_microbiome
CSD16-FAI-0188	environmental_microbiome
CSD16-FAI-0189	environmental_microbiome
CSD16-FAI-0190	environmental_microbiome
CSD16-FAI-0195	environmental_microbiome
CSD16-FAI-0206	environmental_microbiome
CSD16-FAI-0209	environmental_microbiome
CSD16-FAI-0210	environmental_microbiome
CSD16-FAI-0211	environmental_microbiome
CSD16-FAI-0212	environmental_microbiome
CSD16-FAI-0221	environmental_microbiome
CSD16-FAI-0222	environmental_microbiome
CSD16-FAI-0357	environmental_microbiome
CSD16-FAI-0368	environmental_microbiome
CSD16-FAI-0374	environmental_microbiome
CSD16-FAI-0381	environmental_microbiome
CSD16-FAI-0405	environmental_microbiome
CSD16-FAI-0607	environmental_microbiome
CSD16-FAI-0608	environmental_microbiome
CSD16-FAI-0609	environmental_microbiome
CSD16-FAI-0610	environmental_microbiome
CSD16-FAI-0619	environmental_microbiome
CSD16-FAI-0621	environmental_microbiome
CSD16-FAI-0622	environmental_microbiome
CSD16-FAI-0630	environmental_microbiome
CSD16-FAI-0632	environmental_microbiome
CSD16-FAI-0633	environmental_microbiome
CSD16-FAI-0634	environmental_microbiome
CSD16-FAI-0635	environmental_microbiome
CSD16-FAI-0643	environmental_microbiome
CSD16-FAI-0644	environmental_microbiome
CSD16-FAI-0645	environmental_microbiome
CSD16-FAI-0706	environmental_microbiome
CSD16-FAI-0718	environmental_microbiome
CSD16-FAI-0719	environmental_microbiome
CSD16-FAI-0720	environmental_microbiome
CSD16-FAI-0721	environmental_microbiome
CSD16-FAI-0722	environmental_microbiome
CSD16-FAI-0723	environmental_microbiome
CSD16-FAI-0728	environmental_microbiome
CSD16-FAI-0729	environmental_microbiome
CSD16-FAI-0730	environmental_microbiome
CSD16-FAI-0731	environmental_microbiome
CSD16-FAI-0732	environmental_microbiome
CSD16-FAI-0733	environmental_microbiome
CSD16-FAI-0738	environmental_microbiome
CSD16-FAI-0739	environmental_microbiome
CSD16-FAI-0740	environmental_microbiome
CSD16-FAI-0741	environmental_microbiome
CSD16-FAI-0742	environmental_microbiome
CSD16-FAI-0743	environmental_microbiome
CSD16-FAI-0748	environmental_microbiome
CSD16-FAI-0749	environmental_microbiome
CSD16-FAI-0750	environmental_microbiome
CSD16-FAI-0751	environmental_microbiome
CSD16-FAI-0752	environmental_microbiome
CSD16-FAI-0753	environmental_microbiome
CSD16-FAI-0754	environmental_microbiome
6_10_1	environmental_microbiome
6_10_2	environmental_microbiome
6_1_1	environmental_microbiome
6_11_3	environmental_microbiome
6_2_1	environmental_microbiome
6_2_3	environmental_microbiome
6_3_1	environmental_microbiome
6_4_1	environmental_microbiome
6_5_1	environmental_microbiome
6_5_2	environmental_microbiome
6_6_1	environmental_microbiome
6_7_3	environmental_microbiome
6_9_1	environmental_microbiome
6_9_2	environmental_microbiome
CSD16-BOG-012	environmental_microbiome
CSD16-BOG-013	environmental_microbiome
CSD16-BOG-014	environmental_microbiome
CSD16-BOG-015	environmental_microbiome
CSD16-BOG-016	environmental_microbiome
CSD16-BOG-017	environmental_microbiome
CSD16-BOG-018	environmental_microbiome
CSD16-BOG-019	environmental_microbiome
CSD16-BOG-020	environmental_microbiome
CSD16-BOG-033	environmental_microbiome
CSD16-BOG-034	environmental_microbiome
CSD16-BOG-038	environmental_microbiome
CSD16-BOG-039	environmental_microbiome
CSD16-BOG-091	environmental_microbiome
CSD16-BOG-093	environmental_microbiome
CSD16-BOG-NEGATIVE	environmental_microbiome
CSD16-ILR-025	environmental_microbiome
CSD16-ILR-026	environmental_microbiome
CSD16-ILR-027	environmental_microbiome
CSD16-ILR-029	environmental_microbiome
CSD16-ILR-030	environmental_microbiome
CSD16-ILR-031	environmental_microbiome
CSD16-ILR-032	environmental_microbiome
CSD16-ILR-033	environmental_microbiome
CSD16-ILR-034	environmental_microbiome
CSD16-ILR-035	environmental_microbiome
CSD16-ILR-036	environmental_microbiome
CSD16-ILR-037	environmental_microbiome
CSD16-ILR-041	environmental_microbiome
CSD16-ILR-043	environmental_microbiome
CSD16-ILR-044	environmental_microbiome
CSD16-ILR-045	environmental_microbiome
CSD16-ILR-048	environmental_microbiome
CSD16-SCL-149	environmental_microbiome
CSD16-SCL-150	environmental_microbiome
CSD16-SCL-151	environmental_microbiome
CSD16-SCL-157	environmental_microbiome
CSD16-SCL-176	environmental_microbiome
CSD16-SCL-179	environmental_microbiome
CSD16-SCL-181	environmental_microbiome
CSD16-SCL-184	environmental_microbiome
CSD16-SCL-186	environmental_microbiome
CSD16-SCL-188	environmental_microbiome
CSD16-TOK-002	environmental_microbiome
CSD16-TOK-003	environmental_microbiome
CSD16-TOK-013	environmental_microbiome
CSD16-TOK-014	environmental_microbiome
CSD16-TOK-015	environmental_microbiome
CSD16-TOK-019	environmental_microbiome
CSD16-TOK-021	environmental_microbiome
CSD16-TOK-025	environmental_microbiome
CSD16-TOK-026	environmental_microbiome
CSD16-TOK-027	environmental_microbiome
CSD16-TOK-034	environmental_microbiome
CSD16-TOK-038	environmental_microbiome
CSD16-TOK-039	environmental_microbiome
CSD16-TOK-040	environmental_microbiome
CSD16-TOK-041	environmental_microbiome
CSD16-TOK-043	environmental_microbiome
CSD16-TOK-045	environmental_microbiome
CSD16-TOK-046	environmental_microbiome
CSD16-TOK-050	environmental_microbiome
CSD16-TOK-051	environmental_microbiome
CSD16-TOK-052	environmental_microbiome
CSD16-TOK-053	environmental_microbiome
CSD16-TOK-054	environmental_microbiome
CSD16-TOK-055	environmental_microbiome
5106-CEM-0413	environmental_microbiome
5106-CEM-0414	environmental_microbiome
5106-CEM-0415	environmental_microbiome
5106-CEM-0416	environmental_microbiome
5106-CEM-0417	environmental_microbiome
5106-CEM-0418	environmental_microbiome
5106-CEM-0419	environmental_microbiome
5106-CEM-0420	environmental_microbiome
5106-CEM-0421	environmental_microbiome
5106-CEM-0422	environmental_microbiome
5106-CEM-0423	environmental_microbiome
5106-CEM-0424	environmental_microbiome
5106-CEM-0425	environmental_microbiome
5106-CEM-0426	environmental_microbiome
5106-CEM-0427	environmental_microbiome
5106-CEM-0428	environmental_microbiome
5106-CEM-0429	environmental_microbiome
5106-CEM-0430	environmental_microbiome
5106-CEM-0431	environmental_microbiome
5106-CEM-0432	environmental_microbiome
5106-CEM-0433	environmental_microbiome
5106-CEM-0434	environmental_microbiome
5106-CEM-0435	environmental_microbiome
5106-CEM-0436	environmental_microbiome
5106-CEM-0437	environmental_microbiome
5106-CEM-0438	environmental_microbiome
5106-CEM-0439	environmental_microbiome
5106-CEM-0440	environmental_microbiome
5106-CEM-0441	environmental_microbiome
5106-CEM-0442	environmental_microbiome
5106-CEM-0443	environmental_microbiome
5106-CEM-0444	environmental_microbiome
5106-CEM-0445	environmental_microbiome
5106-CEM-0446	environmental_microbiome
5106-CEM-0447	environmental_microbiome
5106-CEM-0448	environmental_microbiome
5106-CEM-0449	environmental_microbiome
5106-CEM-0450	environmental_microbiome
5106-CEM-0451	environmental_microbiome
5106-CEM-0452	environmental_microbiome
5106-CEM-0453	environmental_microbiome
5106-CEM-0454	environmental_microbiome
5106-CEM-0455	environmental_microbiome
5106-CEM-0456	environmental_microbiome
5106-CEM-0457	environmental_microbiome
5106-CEM-0458	environmental_microbiome
5106-CEM-0459	environmental_microbiome
5106-CEM-0460	environmental_microbiome
5106-CEM-0461	environmental_microbiome
5106-CEM-0462	environmental_microbiome
5106-CEM-0463	environmental_microbiome
5106-CEM-0464	environmental_microbiome
5106-CEM-0465	environmental_microbiome
5106-CEM-0466	environmental_microbiome
5106-CEM-0467	environmental_microbiome
5106-CEM-0468	environmental_microbiome
5106-CEM-0469	environmental_microbiome
5106-CEM-0470	environmental_microbiome
5106-CEM-0471	environmental_microbiome
5106-CEM-0472	environmental_microbiome
5106-CEM-0473	environmental_microbiome
5106-CEM-0474	environmental_microbiome
5106-CEM-0475	environmental_microbiome
5106-CEM-0476	environmental_microbiome
5106-CEM-0477	environmental_microbiome
5106-CEM-0478	environmental_microbiome
5106-CEM-0479	environmental_microbiome
5106-CEM-0480	environmental_microbiome
5106-CEM-0481	environmental_microbiome
5106-CEM-0482	environmental_microbiome
5106-CEM-0483	environmental_microbiome
5106-CEM-0484	environmental_microbiome
5106-CEM-0485	environmental_microbiome
5106-CEM-0486	environmental_microbiome
5106-CEM-0487	environmental_microbiome
5106-CEM-0488	environmental_microbiome
5106-CEM-0489	environmental_microbiome
5106-CEM-0490	environmental_microbiome
5106-CEM-0491	environmental_microbiome
5106-CEM-0492	environmental_microbiome
5106-CEM-0493	environmental_microbiome
5106-CEM-0494	environmental_microbiome
5106-CEM-0495	environmental_microbiome
5106-CEM-0496	environmental_microbiome
5106-CEM-0497	environmental_microbiome
5106-CEM-0498	environmental_microbiome
5106-CEM-0499	environmental_microbiome
5106-CEM-0500	environmental_microbiome
5106-CEM-0501	environmental_microbiome
5106-CEM-0502	environmental_microbiome
5106-CEM-0503	environmental_microbiome
5106-CEM-0504	environmental_microbiome
5106-CEM-0505	environmental_microbiome
5106-CEM-0506	environmental_microbiome
5106-CEM-0507	environmental_microbiome
5106-CEM-0508	environmental_microbiome
5106-CEM-0509	environmental_microbiome
5106-CEM-0510	environmental_microbiome
5106-CEM-0511	environmental_microbiome
5106-CEM-0512	environmental_microbiome
5106-CEM-0513	environmental_microbiome
5106-CEM-0514	environmental_microbiome
5106-CEM-0515	environmental_microbiome
5106-CEM-0516	environmental_microbiome
5106-CEM-0517	environmental_microbiome
5106-CEM-0518	environmental_microbiome
5106-CEM-0519	environmental_microbiome
5106-CEM-0520	environmental_microbiome
5106-CEM-0521	environmental_microbiome
5106-CEM-0522	environmental_microbiome
5106-CEM-0523	environmental_microbiome
5106-CEM-0524	environmental_microbiome
5106-CEM-0525	environmental_microbiome
5106-CEM-0526	environmental_microbiome
5106-CEM-0527	environmental_microbiome
5106-CEM-0528	environmental_microbiome
5106-CEM-0529	environmental_microbiome
5106-CEM-0530	environmental_microbiome
5106-CEM-0531	environmental_microbiome
5106-CEM-0532	environmental_microbiome
5106-CEM-0533	environmental_microbiome
5106-CEM-0534	environmental_microbiome
5106-CEM-0535	environmental_microbiome
5106-CEM-0536	environmental_microbiome
5106-CEM-0537	environmental_microbiome
5106-CEM-0538	environmental_microbiome
5106-CEM-0539	environmental_microbiome
5106-CEM-0540	environmental_microbiome
5106-CEM-0541	environmental_microbiome
5106-CEM-0542	environmental_microbiome
5106-CEM-0543	environmental_microbiome
5106-CEM-0544	environmental_microbiome
5106-CEM-0545	environmental_microbiome
5106-CEM-0546	environmental_microbiome
5106-CEM-0547	environmental_microbiome
5106-CEM-0548	environmental_microbiome
5106-CEM-0549	environmental_microbiome
5106-CEM-0550	environmental_microbiome
5106-CEM-0551	environmental_microbiome
5106-CEM-0552	environmental_microbiome
5106-CEM-0553	environmental_microbiome
5106-CEM-0554	environmental_microbiome
5106-CEM-0555	environmental_microbiome
5106-CEM-0556	environmental_microbiome
5106-CEM-0557	environmental_microbiome
5106-CEM-0558	environmental_microbiome
5106-CEM-0559	environmental_microbiome
5106-CEM-0560	environmental_microbiome
5106-CEM-0561	environmental_microbiome
5106-CEM-0562	environmental_microbiome
5106-CEM-0563	environmental_microbiome
5106-CEM-0564	environmental_microbiome
5106-CEM-0565	environmental_microbiome
5106-CEM-0566	environmental_microbiome
5106-CEM-0567	environmental_microbiome
5106-CEM-0568	environmental_microbiome
5106-CEM-0569	environmental_microbiome
5106-CEM-0570	environmental_microbiome
5106-CEM-0571	environmental_microbiome
5106-CEM-0572	environmental_microbiome
5106-CEM-0573	environmental_microbiome
5106-CEM-0574	environmental_microbiome
5106-CEM-0575	environmental_microbiome
5106-CEM-0576	environmental_microbiome
5106-CEM-0577	environmental_microbiome
5106-CEM-0578	environmental_microbiome
5106-CEM-0579	environmental_microbiome
5106-CEM-0580	environmental_microbiome
5106-CEM-0581	environmental_microbiome
5106-CEM-0582	environmental_microbiome
5106-CEM-0583	environmental_microbiome
5106-CEM-0584	environmental_microbiome
5106-CEM-0585	environmental_microbiome
5106-CEM-0586	environmental_microbiome
5106-CEM-0587	environmental_microbiome
5106-CEM-0588	environmental_microbiome
5106-CEM-0589	environmental_microbiome
5106-CEM-0590	environmental_microbiome
5106-CEM-0591	environmental_microbiome
5106-CEM-0592	environmental_microbiome
5106-CEM-0593	environmental_microbiome
5106-CEM-0594	environmental_microbiome
5106-CEM-0595	environmental_microbiome
5106-CEM-0596	environmental_microbiome
5106-CEM-0597	environmental_microbiome
5106-CEM-0598	environmental_microbiome
5106-CEM-0599	environmental_microbiome
5106-CEM-0600	environmental_microbiome
5106-CEM-0601	environmental_microbiome
5106-CEM-0602	environmental_microbiome
5106-CEM-0603	environmental_microbiome
5106-CEM-0604	environmental_microbiome
5106-CEM-0605	environmental_microbiome
5106-CEM-0606	environmental_microbiome
5106-CEM-0607	environmental_microbiome
5106-CEM-0608	environmental_microbiome
5106-CEM-0609	environmental_microbiome
5106-CEM-0610	environmental_microbiome
5106-CEM-0611	environmental_microbiome
5106-CEM-0612	environmental_microbiome
5106-CEM-0613	environmental_microbiome
5106-CEM-0614	environmental_microbiome
5106-CEM-0615	environmental_microbiome
5106-CEM-0616	environmental_microbiome
5106-CEM-0617	environmental_microbiome
5106-CEM-0618	environmental_microbiome
5106-CEM-0619	environmental_microbiome
5106-CEM-0620	environmental_microbiome
5106-CEM-0621	environmental_microbiome
5106-CEM-0622	environmental_microbiome
5106-CEM-0623	environmental_microbiome
5106-CEM-0624	environmental_microbiome
5106-CEM-0625	environmental_microbiome
5106-CEM-0626	environmental_microbiome
5106-CEM-0627	environmental_microbiome
5106-CEM-0628	environmental_microbiome
5106-CEM-0629	environmental_microbiome
5106-CEM-0630	environmental_microbiome
5106-CEM-0631	environmental_microbiome
5106-CEM-0632	environmental_microbiome
5106-CEM-0633	environmental_microbiome
5106-CEM-0634	environmental_microbiome
5106-CEM-0635	environmental_microbiome
5106-CEM-0636	environmental_microbiome
5106-CEM-0637	environmental_microbiome
5106-CEM-0638	environmental_microbiome
5106-CEM-0639	environmental_microbiome
5106-CEM-0640	environmental_microbiome
5106-CEM-0641	environmental_microbiome
5106-CEM-0642	environmental_microbiome
5106-CEM-0643	environmental_microbiome
5106-CEM-0644	environmental_microbiome
5106-CEM-0645	environmental_microbiome
5106-CEM-0646	environmental_microbiome
5106-CEM-0647	environmental_microbiome
5106-CEM-0648	environmental_microbiome
5106-CEM-0649	environmental_microbiome
5106-CEM-0650	environmental_microbiome
5106-CEM-0651	environmental_microbiome
5106-CEM-0652	environmental_microbiome
5106-CEM-0653	environmental_microbiome
5106-CEM-0654	environmental_microbiome
5106-CEM-0655	environmental_microbiome
5106-CEM-0656	environmental_microbiome
5106-CEM-0657	environmental_microbiome
5106-CEM-0658	environmental_microbiome
5106-CEM-0659	environmental_microbiome
5106-CEM-0660	environmental_microbiome
5106-CEM-0661	environmental_microbiome
5106-CEM-0662	environmental_microbiome
5106-CEM-0663	environmental_microbiome
5106-CEM-0664	environmental_microbiome
5106-CEM-0665	environmental_microbiome
5106-CEM-0666	environmental_microbiome
5106-CEM-0667	environmental_microbiome
5106-CEM-0668	environmental_microbiome
5106-CEM-0669	environmental_microbiome
5106-CEM-0670	environmental_microbiome
5106-CEM-0671	environmental_microbiome
5106-CEM-0672	environmental_microbiome
5106-CEM-0673	environmental_microbiome
5106-CEM-0674	environmental_microbiome
5106-CEM-0675	environmental_microbiome
5106-CEM-0676	environmental_microbiome
5106-CEM-0677	environmental_microbiome
5106-CEM-0678	environmental_microbiome
5106-CEM-0679	environmental_microbiome
5106-CEM-0680	environmental_microbiome
5106-CEM-0681	environmental_microbiome
5106-CEM-0682	environmental_microbiome
5106-CEM-0683	environmental_microbiome
5106-CEM-0684	environmental_microbiome
5106-CEM-0685	environmental_microbiome
5106-CEM-0686	environmental_microbiome
5106-CEM-0687	environmental_microbiome
5106-CEM-0688	environmental_microbiome
5106-CEM-0689	environmental_microbiome
5106-CEM-0690	environmental_microbiome
5106-CEM-0691	environmental_microbiome
5106-CEM-0692	environmental_microbiome
5106-CEM-0693	environmental_microbiome
5106-CEM-0694	environmental_microbiome
5106-CEM-0695	environmental_microbiome
5106-CEM-0696	environmental_microbiome
5106-CEM-0697	environmental_microbiome
5106-CEM-0698	environmental_microbiome
5106-CEM-0699	environmental_microbiome
5106-CEM-0700	environmental_microbiome
5106-CEM-0701	environmental_microbiome
5106-CEM-0702	environmental_microbiome
5106-CEM-0703	environmental_microbiome
5106-CEM-0704	environmental_microbiome
5106-CEM-0705	environmental_microbiome
5106-CEM-0706	environmental_microbiome
5106-CEM-0707	environmental_microbiome
5106-CEM-0708	environmental_microbiome
5106-CEM-0709	environmental_microbiome
5106-CEM-0710	environmental_microbiome
5106-CEM-0711	environmental_microbiome
5106-CEM-0712	environmental_microbiome
5106-CEM-0713	environmental_microbiome
5106-CEM-0714	environmental_microbiome
5106-CEM-0715	environmental_microbiome
5106-CEM-0716	environmental_microbiome
5106-CEM-0717	environmental_microbiome
5106-CEM-0718	environmental_microbiome
5106-CEM-0719	environmental_microbiome
5106-CEM-0720	environmental_microbiome
5106-CEM-0721	environmental_microbiome
5106-CEM-0722	environmental_microbiome
5106-CEM-0723	environmental_microbiome
5106-CEM-0724	environmental_microbiome
5106-CEM-0725	environmental_microbiome
5106-CEM-0726	environmental_microbiome
5106-CEM-0727	environmental_microbiome
5106-CEM-0728	environmental_microbiome
5106-CEM-0729	environmental_microbiome
5106-CEM-0730	environmental_microbiome
5106-CEM-0731	environmental_microbiome
5106-CEM-0732	environmental_microbiome
5106-CEM-0733	environmental_microbiome
5106-CEM-0734	environmental_microbiome
5106-CEM-0735	environmental_microbiome
5106-CEM-0736	environmental_microbiome
5106-CEM-0737	environmental_microbiome
5106-CEM-0738	environmental_microbiome
5106-CEM-0739	environmental_microbiome
5106-CEM-0740	environmental_microbiome
5106-CEM-0741	environmental_microbiome
5106-CEM-0742	environmental_microbiome
5106-CEM-0743	environmental_microbiome
5106-CEM-0744	environmental_microbiome
5106-CEM-0745	environmental_microbiome
5106-CEM-0746	environmental_microbiome
5106-CEM-0747	environmental_microbiome
5106-CEM-0748	environmental_microbiome
5106-CEM-0749	environmental_microbiome
5106-CEM-0750	environmental_microbiome
5106-CEM-0751	environmental_microbiome
5106-CEM-0752	environmental_microbiome
5106-CEM-0753	environmental_microbiome
5106-CEM-0754	environmental_microbiome
5106-CEM-0755	environmental_microbiome
5106-CEM-0756	environmental_microbiome
5106-CEM-0757	environmental_microbiome
5106-CEM-0758	environmental_microbiome
5106-CEM-0759	environmental_microbiome
5106-CEM-0760	environmental_microbiome
5106-CEM-0761	environmental_microbiome
5106-CEM-0762	environmental_microbiome
5106-CEM-0763	environmental_microbiome
5106-CEM-0764	environmental_microbiome
5106-CEM-0765	environmental_microbiome
5106-CEM-0766	environmental_microbiome
5106-CEM-0767	environmental_microbiome
5106-CEM-0768	environmental_microbiome
5106-CEM-0769	environmental_microbiome
5106-CEM-0770	environmental_microbiome
5106-CEM-0771	environmental_microbiome
5106-CEM-0772	environmental_microbiome
5106-CEM-0773	environmental_microbiome
5106-CEM-0774	environmental_microbiome
5106-CEM-0775	environmental_microbiome
5106-CEM-0776	environmental_microbiome
5106-CEM-0777	environmental_microbiome
5106-CEM-0778	environmental_microbiome
5106-CEM-0779	environmental_microbiome
5106-CEM-0780	environmental_microbiome
5106-CEM-0781	environmental_microbiome
5106-CEM-0782	environmental_microbiome
5106-CEM-0783	environmental_microbiome
5106-CEM-0784	environmental_microbiome
5106-CEM-0785	environmental_microbiome
5106-CEM-0786	environmental_microbiome
5106-CEM-0787	environmental_microbiome
5106-CEM-0788	environmental_microbiome
5106-CEM-0789	environmental_microbiome
5106-CEM-0790	environmental_microbiome
5106-CEM-0791	environmental_microbiome
5106-CEM-0792	environmental_microbiome
5106-CEM-0793	environmental_microbiome
5106-CEM-0794	environmental_microbiome
5106-CEM-0795	environmental_microbiome
5106-CEM-0796	environmental_microbiome
5106-CEM-0097	environmental_microbiome
5106-CEM-0098	environmental_microbiome
5106-CEM-0099	environmental_microbiome
5106-CEM-0100	environmental_microbiome
5106-CEM-0101	environmental_microbiome
5106-CEM-0102	environmental_microbiome
5106-CEM-0103	environmental_microbiome
5106-CEM-0104	environmental_microbiome
5106-CEM-0105	environmental_microbiome
5106-CEM-0106	environmental_microbiome
5106-CEM-0107	environmental_microbiome
5106-CEM-0108	environmental_microbiome
5106-CEM-0109	environmental_microbiome
5106-CEM-0110	environmental_microbiome
5106-CEM-0111	environmental_microbiome
5106-CEM-0112	environmental_microbiome
5106-CEM-0113	environmental_microbiome
5106-CEM-0114	environmental_microbiome
5106-CEM-0115	environmental_microbiome
5106-CEM-0116	environmental_microbiome
5106-CEM-0117	environmental_microbiome
5106-CEM-0118	environmental_microbiome
5106-CEM-0119	environmental_microbiome
5106-CEM-0120	environmental_microbiome
5106-CEM-0121	environmental_microbiome
5106-CEM-0122	environmental_microbiome
5106-CEM-0123	environmental_microbiome
5106-CEM-0124	environmental_microbiome
5106-CEM-0125	environmental_microbiome
5106-CEM-0126	environmental_microbiome
5106-CEM-0127	environmental_microbiome
5106-CEM-0128	environmental_microbiome
5106-CEM-0129	environmental_microbiome
5106-CEM-0130	environmental_microbiome
5106-CEM-0131	environmental_microbiome
5106-CEM-0132	environmental_microbiome
5106-CEM-0133	environmental_microbiome
5106-CEM-0134	environmental_microbiome
5106-CEM-0135	environmental_microbiome
5106-CEM-0136	environmental_microbiome
5106-CEM-0137	environmental_microbiome
5106-CEM-0138	environmental_microbiome
5106-CEM-0139	environmental_microbiome
5106-CEM-0140	environmental_microbiome
5106-CEM-0141	environmental_microbiome
5106-CEM-0142	environmental_microbiome
5106-CEM-0143	environmental_microbiome
5106-CEM-0144	environmental_microbiome
5106-CEM-0145	environmental_microbiome
5106-CEM-0146	environmental_microbiome
5106-CEM-0147	environmental_microbiome
5106-CEM-0148	environmental_microbiome
5106-CEM-0149	environmental_microbiome
5106-CEM-0150	environmental_microbiome
5106-CEM-0151	environmental_microbiome
5106-CEM-0152	environmental_microbiome
5106-CEM-0153	environmental_microbiome
5106-CEM-0154	environmental_microbiome
5106-CEM-0155	environmental_microbiome
5106-CEM-0156	environmental_microbiome
5106-CEM-0157	environmental_microbiome
5106-CEM-0158	environmental_microbiome
5106-CEM-0159	environmental_microbiome
5106-CEM-0160	environmental_microbiome
5106-CEM-0161	environmental_microbiome
5106-CEM-0162	environmental_microbiome
5106-CEM-0163	environmental_microbiome
5106-CEM-0164	environmental_microbiome
5106-CEM-0165	environmental_microbiome
5106-CEM-0166	environmental_microbiome
5106-CEM-0167	environmental_microbiome
5106-CEM-0168	environmental_microbiome
5106-CEM-0169	environmental_microbiome
5106-CEM-0170	environmental_microbiome
5106-CEM-0171	environmental_microbiome
5106-CEM-0172	environmental_microbiome
5106-CEM-0173	environmental_microbiome
5106-CEM-0174	environmental_microbiome
5106-CEM-0175	environmental_microbiome
5106-CEM-0176	environmental_microbiome
5106-CEM-0177	environmental_microbiome
5106-CEM-0178	environmental_microbiome
5106-CEM-0179	environmental_microbiome
5106-CEM-0180	environmental_microbiome
5106-CEM-0181	environmental_microbiome
5106-CEM-0182	environmental_microbiome
5106-CEM-0183	environmental_microbiome
5106-CEM-0184	environmental_microbiome
5106-CEM-0185	environmental_microbiome
5106-CEM-0186	environmental_microbiome
5106-CEM-0187	environmental_microbiome
5106-CEM-0188	environmental_microbiome
5106-CEM-0189	environmental_microbiome
5106-CEM-0190	environmental_microbiome
5106-CEM-0191	environmental_microbiome
5106-CEM-0192	environmental_microbiome
5106-CEM-0001	environmental_microbiome
5106-CEM-0002	environmental_microbiome
5106-CEM-0003	environmental_microbiome
5106-CEM-0004	environmental_microbiome
5106-CEM-0005	environmental_microbiome
5106-CEM-0006	environmental_microbiome
5106-CEM-0007	environmental_microbiome
5106-CEM-0008	environmental_microbiome
5106-CEM-0009	environmental_microbiome
5106-CEM-0010	environmental_microbiome
5106-CEM-0011	environmental_microbiome
5106-CEM-0012	environmental_microbiome
5106-CEM-0013	environmental_microbiome
5106-CEM-0014	environmental_microbiome
5106-CEM-0015	environmental_microbiome
5106-CEM-0016	environmental_microbiome
5106-CEM-0017	environmental_microbiome
5106-CEM-0018	environmental_microbiome
5106-CEM-0019	environmental_microbiome
5106-CEM-0020	environmental_microbiome
5106-CEM-0021	environmental_microbiome
5106-CEM-0022	environmental_microbiome
5106-CEM-0023	environmental_microbiome
5106-CEM-0024	environmental_microbiome
5106-CEM-0025	environmental_microbiome
5106-CEM-0026	environmental_microbiome
5106-CEM-0027	environmental_microbiome
5106-CEM-0028	environmental_microbiome
5106-CEM-0029	environmental_microbiome
5106-CEM-0030	environmental_microbiome
5106-CEM-0031	environmental_microbiome
5106-CEM-0032	environmental_microbiome
5106-CEM-0033	environmental_microbiome
5106-CEM-0034	environmental_microbiome
5106-CEM-0035	environmental_microbiome
5106-CEM-0036	environmental_microbiome
5106-CEM-0037	environmental_microbiome
5106-CEM-0038	environmental_microbiome
5106-CEM-0039	environmental_microbiome
5106-CEM-0040	environmental_microbiome
5106-CEM-0041	environmental_microbiome
5106-CEM-0042	environmental_microbiome
5106-CEM-0043	environmental_microbiome
5106-CEM-0044	environmental_microbiome
5106-CEM-0045	environmental_microbiome
5106-CEM-0046	environmental_microbiome
5106-CEM-0047	environmental_microbiome
5106-CEM-0048	environmental_microbiome
5106-CEM-0049	environmental_microbiome
5106-CEM-0050	environmental_microbiome
5106-CEM-0051	environmental_microbiome
5106-CEM-0052	environmental_microbiome
5106-CEM-0053	environmental_microbiome
5106-CEM-0054	environmental_microbiome
5106-CEM-0055	environmental_microbiome
5106-CEM-0056	environmental_microbiome
5106-CEM-0057	environmental_microbiome
5106-CEM-0058	environmental_microbiome
5106-CEM-0059	environmental_microbiome
5106-CEM-0060	environmental_microbiome
5106-CEM-0061	environmental_microbiome
5106-CEM-0062	environmental_microbiome
5106-CEM-0063	environmental_microbiome
5106-CEM-0064	environmental_microbiome
5106-CEM-0065	environmental_microbiome
5106-CEM-0066	environmental_microbiome
5106-CEM-0067	environmental_microbiome
5106-CEM-0068	environmental_microbiome
5106-CEM-0069	environmental_microbiome
5106-CEM-0070	environmental_microbiome
5106-CEM-0071	environmental_microbiome
5106-CEM-0072	environmental_microbiome
5106-CEM-0073	environmental_microbiome
5106-CEM-0074	environmental_microbiome
5106-CEM-0075	environmental_microbiome
5106-CEM-0076	environmental_microbiome
5106-CEM-0077	environmental_microbiome
5106-CEM-0078	environmental_microbiome
5106-CEM-0079	environmental_microbiome
5106-CEM-0080	environmental_microbiome
5106-CEM-0081	environmental_microbiome
5106-CEM-0082	environmental_microbiome
5106-CEM-0083	environmental_microbiome
5106-CEM-0084	environmental_microbiome
5106-CEM-0085	environmental_microbiome
5106-CEM-0086	environmental_microbiome
5106-CEM-0087	environmental_microbiome
5106-CEM-0088	environmental_microbiome
5106-CEM-0089	environmental_microbiome
5106-CEM-0090	environmental_microbiome
5106-CEM-0091	environmental_microbiome
5106-CEM-0092	environmental_microbiome
5106-CEM-0093	environmental_microbiome
5106-CEM-0094	environmental_microbiome
5106-CEM-0095	environmental_microbiome
5106-CEM-0096	environmental_microbiome
SL270903	environmental_microbiome
SL270904	environmental_microbiome
SL270905	environmental_microbiome
SL270906	environmental_microbiome
SL270907	environmental_microbiome
SL270908	environmental_microbiome
SL270909	environmental_microbiome
SL270910	environmental_microbiome
SL270911	environmental_microbiome
SL270912	environmental_microbiome
SL270913	environmental_microbiome
SL270914	environmental_microbiome
SL270915	environmental_microbiome
SL270916	environmental_microbiome
SL270917	environmental_microbiome
SL270918	environmental_microbiome
SL270919	environmental_microbiome
SL270920	environmental_microbiome
SL270921	environmental_microbiome
SL270922	environmental_microbiome
SL270923	environmental_microbiome
SL270924	environmental_microbiome
SL270925	environmental_microbiome
SL270926	environmental_microbiome
SL270927	environmental_microbiome
SL270928	environmental_microbiome
SL270929	environmental_microbiome
SL270930	environmental_microbiome
SL270931	environmental_microbiome
SL270932	environmental_microbiome
SL270933	environmental_microbiome
SL270934	environmental_microbiome
SL270935	environmental_microbiome
SL270936	environmental_microbiome
SL270937	environmental_microbiome
SL270938	environmental_microbiome
SL270939	environmental_microbiome
SL270940	environmental_microbiome
SL270941	environmental_microbiome
SL270942	environmental_microbiome
SL270943	environmental_microbiome
SL270944	environmental_microbiome
SL270945	environmental_microbiome
SL270946	environmental_microbiome
SL270947	environmental_microbiome
SL270948	environmental_microbiome
SL270949	environmental_microbiome
SL270950	environmental_microbiome
SL270951	environmental_microbiome
SL270952	environmental_microbiome
SL270953	environmental_microbiome
SL270954	environmental_microbiome
SL270955	environmental_microbiome
SL270956	environmental_microbiome
SL270957	environmental_microbiome
SL270958	environmental_microbiome
SL270959	environmental_microbiome
SL270960	environmental_microbiome
SL270961	environmental_microbiome
SL270962	environmental_microbiome
SL270963	environmental_microbiome
SL270964	environmental_microbiome
SL270965	environmental_microbiome
SL270966	environmental_microbiome
SL270967	environmental_microbiome
SL270968	environmental_microbiome
SL270969	environmental_microbiome
SL270970	environmental_microbiome
SL270971	environmental_microbiome
SL270972	environmental_microbiome
SL270973	environmental_microbiome
SL270974	environmental_microbiome
SL270975	environmental_microbiome
SL270976	environmental_microbiome
SL270977	environmental_microbiome
SL270978	environmental_microbiome
SL270979	environmental_microbiome
SL270980	environmental_microbiome
SL270981	environmental_microbiome
SL270982	environmental_microbiome
SL270983	environmental_microbiome
SL270984	environmental_microbiome
SL270985	environmental_microbiome
SL270986	environmental_microbiome
SL270987	environmental_microbiome
SL270988	environmental_microbiome
SL270989	environmental_microbiome
SL270990	environmental_microbiome
SL270991	environmental_microbiome
SL270992	environmental_microbiome
SL270993	environmental_microbiome
SL270994	environmental_microbiome
SL270995	environmental_microbiome
SL270996	environmental_microbiome
SL270997	environmental_microbiome
SL270998	environmental_microbiome
SL271095	environmental_microbiome
SL271096	environmental_microbiome
SL271097	environmental_microbiome
SL271098	environmental_microbiome
SL271099	environmental_microbiome
SL271100	environmental_microbiome
SL271101	environmental_microbiome
SL271102	environmental_microbiome
SL271103	environmental_microbiome
SL271104	environmental_microbiome
SL271105	environmental_microbiome
SL271106	environmental_microbiome
SL271107	environmental_microbiome
SL271108	environmental_microbiome
SL271109	environmental_microbiome
SL271110	environmental_microbiome
SL271111	environmental_microbiome
SL271112	environmental_microbiome
SL271113	environmental_microbiome
SL271114	environmental_microbiome
SL271115	environmental_microbiome
SL271116	environmental_microbiome
SL271117	environmental_microbiome
SL271118	environmental_microbiome
SL271119	environmental_microbiome
SL271120	environmental_microbiome
SL271121	environmental_microbiome
SL271122	environmental_microbiome
SL271123	environmental_microbiome
SL271124	environmental_microbiome
SL271125	environmental_microbiome
SL271126	environmental_microbiome
SL271127	environmental_microbiome
SL271128	environmental_microbiome
SL271129	environmental_microbiome
SL271130	environmental_microbiome
SL271131	environmental_microbiome
SL271132	environmental_microbiome
SL271133	environmental_microbiome
SL271134	environmental_microbiome
SL271135	environmental_microbiome
SL271136	environmental_microbiome
SL271137	environmental_microbiome
SL271138	environmental_microbiome
SL271139	environmental_microbiome
SL271140	environmental_microbiome
SL271141	environmental_microbiome
SL271142	environmental_microbiome
SL271143	environmental_microbiome
SL271144	environmental_microbiome
SL271145	environmental_microbiome
SL271146	environmental_microbiome
SL271147	environmental_microbiome
SL271148	environmental_microbiome
SL271149	environmental_microbiome
SL271150	environmental_microbiome
SL271151	environmental_microbiome
SL271152	environmental_microbiome
SL271153	environmental_microbiome
SL271154	environmental_microbiome
SL271155	environmental_microbiome
SL271156	environmental_microbiome
SL271157	environmental_microbiome
SL271158	environmental_microbiome
SL271159	environmental_microbiome
SL271160	environmental_microbiome
SL271161	environmental_microbiome
SL271162	environmental_microbiome
SL271163	environmental_microbiome
SL271164	environmental_microbiome
SL271165	environmental_microbiome
SL271166	environmental_microbiome
SL271167	environmental_microbiome
SL271168	environmental_microbiome
SL271169	environmental_microbiome
SL271170	environmental_microbiome
SL271171	environmental_microbiome
SL271172	environmental_microbiome
SL271173	environmental_microbiome
SL271174	environmental_microbiome
SL271175	environmental_microbiome
SL271176	environmental_microbiome
SL271177	environmental_microbiome
SL271178	environmental_microbiome
SL271179	environmental_microbiome
SL271180	environmental_microbiome
SL271181	environmental_microbiome
SL271182	environmental_microbiome
SL271183	environmental_microbiome
SL271184	environmental_microbiome
SL271185	environmental_microbiome
SL271186	environmental_microbiome
SL271187	environmental_microbiome
SL271188	environmental_microbiome
SL271189	environmental_microbiome
SL271190	environmental_microbiome
4959-DB-0001	environmental_microbiome
4959-DB-0002	environmental_microbiome
4959-DB-0003	environmental_microbiome
4959-DB-0004	environmental_microbiome
4959-DB-0005	environmental_microbiome
4959-DB-0006	environmental_microbiome
4959-DB-0007	environmental_microbiome
4959-DB-0008	environmental_microbiome
4959-DB-0009	environmental_microbiome
4959-DB-0010	environmental_microbiome
4959-DB-0011	environmental_microbiome
4959-DB-0012	environmental_microbiome
4959-DB-0013	environmental_microbiome
4959-DB-0014	environmental_microbiome
4959-DB-0015	environmental_microbiome
4959-DB-0016	environmental_microbiome
4959-DB-0017	environmental_microbiome
4959-DB-0018	environmental_microbiome
4959-DB-0019	environmental_microbiome
4959-DB-0020	environmental_microbiome
4959-DB-0021	environmental_microbiome
4959-DB-0022	environmental_microbiome
4959-DB-0023	environmental_microbiome
4959-DB-0024	environmental_microbiome
4959-DB-0025	environmental_microbiome
4959-DB-0026	environmental_microbiome
4959-DB-0027	environmental_microbiome
4959-DB-0028	environmental_microbiome
4959-DB-0029	environmental_microbiome
4959-DB-0030	environmental_microbiome
4959-DB-0031	environmental_microbiome
4959-DB-0032	environmental_microbiome
4959-DB-0033	environmental_microbiome
4959-DB-0034	environmental_microbiome
4959-DB-0035	environmental_microbiome
4959-DB-0036	environmental_microbiome
4959-DB-0037	environmental_microbiome
4959-DB-0038	environmental_microbiome
4959-DB-0039	environmental_microbiome
4959-DB-0040	environmental_microbiome
4959-DB-0041	environmental_microbiome
4959-DB-0042	environmental_microbiome
4959-DB-0043	environmental_microbiome
4959-DB-0044	environmental_microbiome
4959-DB-0045	environmental_microbiome
4959-DB-0046	environmental_microbiome
4959-DB-0047	environmental_microbiome
4959-DB-0048	environmental_microbiome
4959-DB-0049	environmental_microbiome
4959-DB-0050	environmental_microbiome
4959-DB-0051	environmental_microbiome
4959-DB-0052	environmental_microbiome
4959-DB-0053	environmental_microbiome
4959-DB-0054	environmental_microbiome
4959-DB-0055	environmental_microbiome
4959-DB-0056	environmental_microbiome
4959-DB-0057	environmental_microbiome
4959-DB-0058	environmental_microbiome
4959-DB-0059	environmental_microbiome
4959-DB-0060	environmental_microbiome
4959-DB-0061	environmental_microbiome
4959-DB-0062	environmental_microbiome
4959-DB-0063	environmental_microbiome
4959-DB-0064	environmental_microbiome
4959-DB-0065	environmental_microbiome
4959-DB-0066	environmental_microbiome
4959-DB-0067	environmental_microbiome
4959-DB-0068	environmental_microbiome
4959-DB-0069	environmental_microbiome
4959-DB-0070	environmental_microbiome
4959-DB-0071	environmental_microbiome
4959-DB-0072	environmental_microbiome
4959-DB-0073	environmental_microbiome
4959-DB-0074	environmental_microbiome
4959-DB-0075	environmental_microbiome
4959-DB-0076	environmental_microbiome
4959-DB-0077	environmental_microbiome
4959-DB-0078	environmental_microbiome
4959-DB-0079	environmental_microbiome
4959-DB-0080	environmental_microbiome
4959-DB-0081	environmental_microbiome
4959-DB-0082	environmental_microbiome
4959-DB-0083	environmental_microbiome
4959-DB-0084	environmental_microbiome
4959-DB-0085	environmental_microbiome
4959-DB-0086	environmental_microbiome
4959-DB-0087	environmental_microbiome
4959-DB-0088	environmental_microbiome
4959-DB-0089	environmental_microbiome
4959-DB-0090	environmental_microbiome
4959-DB-0091	environmental_microbiome
4959-DB-0092	environmental_microbiome
4959-DB-0093	environmental_microbiome
4959-DB-0094	environmental_microbiome
4959-DB-0095	environmental_microbiome
4959-DB-0096	environmental_microbiome
4959-DB-1249	environmental_microbiome
4959-DB-1250	environmental_microbiome
4959-DB-1251	environmental_microbiome
4959-DB-1252	environmental_microbiome
4959-DB-1253	environmental_microbiome
4959-DB-1254	environmental_microbiome
4959-DB-1255	environmental_microbiome
4959-DB-1256	environmental_microbiome
4959-DB-1257	environmental_microbiome
4959-DB-1258	environmental_microbiome
4959-DB-1259	environmental_microbiome
4959-DB-1260	environmental_microbiome
4959-DB-1261	environmental_microbiome
4959-DB-1262	environmental_microbiome
4959-DB-1263	environmental_microbiome
4959-DB-1264	environmental_microbiome
4959-DB-1265	environmental_microbiome
4959-DB-1266	environmental_microbiome
4959-DB-1267	environmental_microbiome
4959-DB-1268	environmental_microbiome
4959-DB-1269	environmental_microbiome
4959-DB-1270	environmental_microbiome
4959-DB-1271	environmental_microbiome
4959-DB-1272	environmental_microbiome
4959-DB-1273	environmental_microbiome
4959-DB-1274	environmental_microbiome
4959-DB-1275	environmental_microbiome
4959-DB-1276	environmental_microbiome
4959-DB-1277	environmental_microbiome
4959-DB-1278	environmental_microbiome
4959-DB-1279	environmental_microbiome
4959-DB-1280	environmental_microbiome
4959-DB-1281	environmental_microbiome
4959-DB-1282	environmental_microbiome
4959-DB-1283	environmental_microbiome
4959-DB-1284	environmental_microbiome
4959-DB-1285	environmental_microbiome
4959-DB-1286	environmental_microbiome
4959-DB-1287	environmental_microbiome
4959-DB-1288	environmental_microbiome
4959-DB-1289	environmental_microbiome
4959-DB-1290	environmental_microbiome
4959-DB-1291	environmental_microbiome
4959-DB-1292	environmental_microbiome
4959-DB-1293	environmental_microbiome
4959-DB-1294	environmental_microbiome
4959-DB-1295	environmental_microbiome
4959-DB-1296	environmental_microbiome
4959-DB-1297	environmental_microbiome
4959-DB-1298	environmental_microbiome
4959-DB-1299	environmental_microbiome
4959-DB-1300	environmental_microbiome
4959-DB-1301	environmental_microbiome
4959-DB-1302	environmental_microbiome
4959-DB-1303	environmental_microbiome
4959-DB-1304	environmental_microbiome
4959-DB-1305	environmental_microbiome
4959-DB-1306	environmental_microbiome
4959-DB-1307	environmental_microbiome
4959-DB-1308	environmental_microbiome
4959-DB-1309	environmental_microbiome
4959-DB-1310	environmental_microbiome
4959-DB-1311	environmental_microbiome
4959-DB-1312	environmental_microbiome
4959-DB-1313	environmental_microbiome
4959-DB-1314	environmental_microbiome
4959-DB-1315	environmental_microbiome
4959-DB-1316	environmental_microbiome
4959-DB-1317	environmental_microbiome
4959-DB-1318	environmental_microbiome
4959-DB_PC	environmental_microbiome
5080-CEM-0001	environmental_microbiome
5080-CEM-0002	environmental_microbiome
5080-CEM-0003	environmental_microbiome
5080-CEM-0004	environmental_microbiome
5080-CEM-0005	environmental_microbiome
5080-CEM-0006	environmental_microbiome
5080-CEM-0007	environmental_microbiome
5080-CEM-0008	environmental_microbiome
5080-CEM-0009	environmental_microbiome
5080-CEM-0010	environmental_microbiome
5080-CEM-0011	environmental_microbiome
5080-CEM-0012	environmental_microbiome
5080-CEM-0013	environmental_microbiome
5080-CEM-0014	environmental_microbiome
5080-CEM-0015	environmental_microbiome
5080-CEM-0016	environmental_microbiome
5080-CEM-0017	environmental_microbiome
5080-CEM-0018	environmental_microbiome
5080-CEM-0019	environmental_microbiome
5080-CEM-0020	environmental_microbiome
5080-CEM-0021	environmental_microbiome
5080-CEM-0022	environmental_microbiome
5080-CEM-0023	environmental_microbiome
5080-CEM-0024	environmental_microbiome
5080-CEM-0025	environmental_microbiome
5080-CEM-0026	environmental_microbiome
5080-CEM-0027	environmental_microbiome
5080-CEM-0028	environmental_microbiome
5080-CEM-0029	environmental_microbiome
5080-CEM-0030	environmental_microbiome
5080-CEM-0031	environmental_microbiome
5080-CEM-0032	environmental_microbiome
5080-CEM-0033	environmental_microbiome
5080-CEM-0034	environmental_microbiome
5080-CEM-0035	environmental_microbiome
5080-CEM-0036	environmental_microbiome
5080-CEM-0037	environmental_microbiome
5080-CEM-0038	environmental_microbiome
5080-CEM-0039	environmental_microbiome
5080-CEM-0040	environmental_microbiome
5080-CEM-0041	environmental_microbiome
5080-CEM-0042	environmental_microbiome
5080-CEM-0043	environmental_microbiome
5080-CEM-0044	environmental_microbiome
5080-CEM-0045	environmental_microbiome
5080-CEM-0046	environmental_microbiome
5080-CEM-0047	environmental_microbiome
5080-CEM-0048	environmental_microbiome
5080-CEM-0049	environmental_microbiome
5080-CEM-0050	environmental_microbiome
5080-CEM-0051	environmental_microbiome
5080-CEM-0052	environmental_microbiome
5080-CEM-0053	environmental_microbiome
5080-CEM-0054	environmental_microbiome
5080-CEM-0055	environmental_microbiome
5080-CEM-0056	environmental_microbiome
5080-CEM-0057	environmental_microbiome
5080-CEM-0058	environmental_microbiome
5080-CEM-0059	environmental_microbiome
5080-CEM-0060	environmental_microbiome
5080-CEM-0061	environmental_microbiome
5080-CEM-0062	environmental_microbiome
5080-CEM-0063	environmental_microbiome
5080-CEM-0064	environmental_microbiome
5080-CEM-0065	environmental_microbiome
5080-CEM-0066	environmental_microbiome
5080-CEM-0067	environmental_microbiome
5080-CEM-0068	environmental_microbiome
5080-CEM-0069	environmental_microbiome
5080-CEM-0070	environmental_microbiome
5080-CEM-0071	environmental_microbiome
5080-CEM-0072	environmental_microbiome
5080-CEM-0073	environmental_microbiome
5080-CEM-0074	environmental_microbiome
5080-CEM-0075	environmental_microbiome
5080-CEM-0076	environmental_microbiome
5080-CEM-0077	environmental_microbiome
5080-CEM-0078	environmental_microbiome
5080-CEM-0079	environmental_microbiome
5080-CEM-0080	environmental_microbiome
5080-CEM-0081	environmental_microbiome
5080-CEM-0082	environmental_microbiome
5080-CEM-0083	environmental_microbiome
SL310935	air_microbiome
SL310936	air_microbiome
SL310937	air_microbiome
SL310938	air_microbiome
SL310939	air_microbiome
SL310940	air_microbiome
SL310941	air_microbiome
SL310942	air_microbiome
SL310943	air_microbiome
SL310944	air_microbiome
SL310945	air_microbiome
SL310946	air_microbiome
SL310947	air_microbiome
SL310948	air_microbiome
SL310949	air_microbiome
SL310950	air_microbiome
SL310951	air_microbiome
SL310952	air_microbiome
SL310953	air_microbiome
SL310954	air_microbiome
SL310955	air_microbiome
SL310956	air_microbiome
SL310957	air_microbiome
SL310958	air_microbiome
SL310959	air_microbiome
SL310960	air_microbiome
SL310961	air_microbiome
SL310962	air_microbiome
SL310963	air_microbiome
SL310964	air_microbiome
SL310965	air_microbiome
SL310966	air_microbiome
SL310967	air_microbiome
SL310968	air_microbiome
SL310969	air_microbiome
SL310970	air_microbiome
SL310971	air_microbiome
SL310972	air_microbiome
SL310973	air_microbiome
SL310974	air_microbiome
SL310975	air_microbiome
SL310976	air_microbiome
SL310977	air_microbiome
SL310978	air_microbiome
SL310979	air_microbiome
SL310980	air_microbiome
SL310981	air_microbiome
SL310982	air_microbiome
SL310983	air_microbiome
SL310984	air_microbiome
SL310985	air_microbiome
SL310986	air_microbiome
SL310987	air_microbiome
SL310988	air_microbiome
SL310989	air_microbiome
SL310990	air_microbiome
SL310991	air_microbiome
SL310992	air_microbiome
SL310993	air_microbiome
SL310994	air_microbiome
SL310995	air_microbiome
SL310996	air_microbiome
SL310997	air_microbiome
SL310998	air_microbiome
SL310999	air_microbiome
SL311000	air_microbiome
SL311001	air_microbiome
SL311002	air_microbiome
SL311003	air_microbiome
SL311004	air_microbiome
SL311005	air_microbiome
SL311006	air_microbiome
SL311007	air_microbiome
SL311008	air_microbiome
SL311009	air_microbiome
SL311010	air_microbiome
SL311011	air_microbiome
SL311012	air_microbiome
SL311013	air_microbiome
SL311014	air_microbiome
SL311015	air_microbiome
SL311016	air_microbiome
SL311017	air_microbiome
SL311018	air_microbiome
SL311019	air_microbiome
SL311020	air_microbiome
SL311021	air_microbiome
SL311022	air_microbiome
SL311023	air_microbiome
SL311024	air_microbiome
SL311025	air_microbiome
SL311026	air_microbiome
SL311027	air_microbiome
SL311028	air_microbiome
SL311029	air_microbiome
SL311030	air_microbiome
